Unnamed: 0,posteam,home_team,home_wp,away_wp,yardline_100,home_timeouts_remaining,away_timeouts_remaining,quarter_seconds_remaining,half_seconds_remaining,game_seconds_remaining,qtr,down,goal_to_go,ydstogo,play_type,score_differential,shotgun,no_huddle
943,MIN,MIN,0.5,0.5,75.0,3,3,900.0,1800.0,3600.0,1,1.0,0.0,10,pass,0.0,1,0
944,MIN,MIN,0.54,0.46,66.0,3,3,861.0,1761.0,3561.0,1,2.0,0.0,1,run,0.0,0,0
945,MIN,MIN,0.54,0.46,64.0,3,3,822.0,1722.0,3522.0,1,1.0,0.0,10,pass,0.0,0,0
946,MIN,MIN,0.57,0.43,52.0,3,3,787.0,1687.0,3487.0,1,1.0,0.0,10,run,0.0,0,0
947,MIN,MIN,0.55,0.45,51.0,3,3,750.0,1650.0,3450.0,1,2.0,0.0,9,run,0.0,1,0
948,MIN,MIN,0.54,0.46,48.0,3,3,703.0,1603.0,3403.0,1,3.0,0.0,6,pass,0.0,1,0
949,MIN,MIN,0.61,0.39,34.0,3,3,662.0,1562.0,3362.0,1,1.0,0.0,10,pass,0.0,1,0
950,MIN,MIN,0.58,0.42,40.0,3,3,623.0,1523.0,3323.0,1,2.0,0.0,16,run,0.0,0,0
951,MIN,MIN,0.56,0.44,38.0,3,3,583.0,1483.0,3283.0,1,3.0,0.0,14,pass,0.0,1,0
960,MIN,MIN,0.54,0.46,70.0,3,3,437.0,1337.0,3137.0,1,1.0,0.0,10,run,0.0,1,0
961,MIN,MIN,0.53,0.47,66.0,3,3,412.0,1312.0,3112.0,1,2.0,0.0,6,pass,0.0,0,1
962,MIN,MIN,0.59,0.41,48.0,3,3,367.0,1267.0,3067.0,1,1.0,0.0,10,pass,0.0,1,0
963,MIN,MIN,0.62,0.38,34.0,3,3,326.0,1226.0,3026.0,1,1.0,0.0,10,run,0.0,0,0
964,MIN,MIN,0.62,0.38,28.0,3,3,290.0,1190.0,2990.0,1,2.0,0.0,4,run,0.0,0,0
965,MIN,MIN,0.58,0.42,30.0,3,3,244.0,1144.0,2944.0,1,3.0,0.0,6,pass,0.0,1,0
973,MIN,MIN,0.67,0.33,53.0,3,3,71.0,971.0,2771.0,1,1.0,0.0,10,run,3.0,0,0
974,MIN,MIN,0.67,0.33,47.0,3,3,36.0,936.0,2736.0,1,2.0,0.0,4,run,3.0,1,0
976,MIN,MIN,0.65,0.35,46.0,3,3,900.0,900.0,2700.0,2,3.0,0.0,3,pass,3.0,1,0
977,MIN,MIN,0.71,0.29,29.0,3,3,867.0,867.0,2667.0,2,1.0,0.0,10,pass,3.0,1,0
978,MIN,MIN,0.69,0.31,29.0,3,3,862.0,862.0,2662.0,2,2.0,0.0,10,run,3.0,0,0
979,MIN,MIN,0.69,0.31,22.0,3,3,824.0,824.0,2624.0,2,3.0,0.0,3,pass,3.0,1,0
991,MIN,MIN,0.74,0.26,75.0,3,3,702.0,702.0,2502.0,2,1.0,0.0,10,pass,7.0,1,0
992,MIN,MIN,0.78,0.22,60.0,3,3,664.0,664.0,2464.0,2,1.0,0.0,10,run,7.0,0,0
993,MIN,MIN,0.8,0.2,52.0,3,3,633.0,633.0,2433.0,2,2.0,0.0,2,run,7.0,0,0
1012,MIN,MIN,0.74,0.26,98.0,3,1,138.0,138.0,1938.0,2,1.0,0.0,10,run,7.0,0,0
1014,MIN,MIN,0.73,0.27,96.0,3,1,120.0,120.0,1920.0,2,2.0,0.0,8,pass,7.0,0,0
1015,MIN,MIN,0.72,0.28,96.0,3,1,116.0,116.0,1916.0,2,3.0,0.0,8,pass,7.0,1,0
1016,MIN,MIN,0.75,0.25,81.0,3,1,87.0,87.0,1887.0,2,1.0,0.0,10,pass,7.0,1,1
1017,MIN,MIN,0.74,0.26,81.0,3,1,84.0,84.0,1884.0,2,2.0,0.0,10,pass,7.0,1,0
1018,MIN,MIN,0.73,0.27,81.0,3,1,80.0,80.0,1880.0,2,3.0,0.0,10,run,7.0,1,0
1020,MIN,MIN,0.76,0.24,73.0,3,1,73.0,73.0,1873.0,2,1.0,0.0,15,pass,7.0,1,0
1022,MIN,MIN,0.78,0.22,57.0,2,1,64.0,64.0,1864.0,2,1.0,0.0,10,pass,7.0,1,0
1023,MIN,MIN,0.78,0.22,54.0,2,1,42.0,42.0,1842.0,2,2.0,0.0,7,pass,7.0,1,0
1025,MIN,MIN,0.8,0.2,40.0,1,1,34.0,34.0,1834.0,2,1.0,0.0,10,pass,7.0,1,0
1026,MIN,MIN,0.78,0.22,46.0,1,1,12.0,12.0,1812.0,2,2.0,0.0,16,pass,7.0,1,0
1028,MIN,MIN,0.78,0.22,44.0,0,1,6.0,6.0,1806.0,2,3.0,0.0,14,pass,7.0,1,0
1035,MIN,MIN,0.77,0.23,70.0,3,3,855.0,1755.0,1755.0,3,1.0,0.0,10,pass,7.0,1,0
1036,MIN,MIN,0.79,0.21,62.0,3,3,855.0,1755.0,1755.0,3,2.0,0.0,2,pass,7.0,0,0
1037,MIN,MIN,0.8,0.2,56.0,3,3,796.0,1696.0,1696.0,3,1.0,0.0,10,run,7.0,0,0
1038,MIN,MIN,0.78,0.22,58.0,3,3,750.0,1650.0,1650.0,3,2.0,0.0,12,pass,7.0,1,0
1039,MIN,MIN,0.75,0.25,58.0,3,3,746.0,1646.0,1646.0,3,3.0,0.0,12,pass,7.0,1,0
1053,MIN,MIN,0.84,0.16,75.0,3,2,555.0,1455.0,1455.0,3,1.0,0.0,10,pass,10.0,0,0
1054,MIN,MIN,0.86,0.14,64.0,3,2,521.0,1421.0,1421.0,3,1.0,0.0,10,pass,10.0,0,0
1055,MIN,MIN,0.84,0.16,64.0,3,2,515.0,1415.0,1415.0,3,2.0,0.0,10,run,10.0,1,0
1056,MIN,MIN,0.84,0.16,59.0,3,2,472.0,1372.0,1372.0,3,3.0,0.0,5,pass,10.0,1,0
1057,MIN,MIN,0.9,0.1,25.0,3,2,431.0,1331.0,1331.0,3,1.0,0.0,10,run,10.0,0,0
1058,MIN,MIN,0.9,0.1,18.0,3,2,395.0,1295.0,1295.0,3,2.0,0.0,3,run,10.0,1,0
1059,MIN,MIN,0.89,0.11,16.0,3,2,355.0,1255.0,1255.0,3,3.0,0.0,1,pass,10.0,0,0
1060,MIN,MIN,0.91,0.09,7.0,3,2,326.0,1226.0,1226.0,3,1.0,1.0,7,run,10.0,0,0
1062,MIN,MIN,0.9,0.1,11.0,3,2,267.0,1167.0,1167.0,3,2.0,1.0,11,pass,10.0,1,0
1074,MIN,MIN,0.85,0.15,75.0,3,2,31.0,931.0,931.0,3,1.0,0.0,10,pass,10.0,1,0
1075,MIN,MIN,0.83,0.17,75.0,3,2,27.0,927.0,927.0,3,2.0,0.0,10,run,10.0,0,0
1077,MIN,MIN,0.82,0.18,73.0,3,2,900.0,900.0,900.0,4,3.0,0.0,8,pass,10.0,1,0
1080,MIN,MIN,0.9,0.1,38.0,3,2,877.0,877.0,877.0,4,1.0,0.0,10,run,10.0,0,0
1081,MIN,MIN,0.89,0.11,39.0,3,2,843.0,843.0,843.0,4,2.0,0.0,11,pass,10.0,0,0
1082,MIN,MIN,0.88,0.12,39.0,3,2,837.0,837.0,837.0,4,3.0,0.0,11,pass,10.0,1,0
1097,MIN,MIN,0.81,0.19,75.0,3,2,489.0,489.0,489.0,4,1.0,0.0,10,run,7.0,0,0
1098,MIN,MIN,0.8,0.2,74.0,3,2,446.0,446.0,446.0,4,2.0,0.0,9,pass,7.0,1,1
1099,MIN,MIN,0.77,0.23,74.0,3,2,441.0,441.0,441.0,4,3.0,0.0,9,pass,7.0,1,0
1105,MIN,MIN,0.82,0.18,82.0,3,2,346.0,346.0,346.0,4,1.0,0.0,10,run,7.0,0,0
1106,MIN,MIN,0.85,0.15,73.0,3,2,312.0,312.0,312.0,4,2.0,0.0,1,run,7.0,0,0
1107,MIN,MIN,0.87,0.13,68.0,3,2,269.0,269.0,269.0,4,1.0,0.0,10,run,7.0,0,0
1108,MIN,MIN,0.88,0.12,64.0,3,2,225.0,225.0,225.0,4,2.0,0.0,6,run,7.0,0,0
1109,MIN,MIN,0.88,0.12,63.0,2,2,180.0,180.0,180.0,4,3.0,0.0,5,run,7.0,1,0
1112,MIN,MIN,0.93,0.07,54.0,2,1,174.0,174.0,174.0,4,1.0,0.0,10,run,7.0,0,0
1113,MIN,MIN,0.94,0.06,53.0,2,1,130.0,130.0,130.0,4,2.0,0.0,9,run,7.0,0,0
1115,MIN,MIN,0.94,0.06,50.0,2,1,120.0,120.0,120.0,4,3.0,0.0,6,pass,7.0,1,0
1119,MIN,MIN,0.98,0.02,15.0,2,1,95.0,95.0,95.0,4,1.0,0.0,10,run,7.0,0,0
1121,MIN,MIN,0.98,0.02,13.0,2,0,92.0,92.0,92.0,4,2.0,0.0,8,run,7.0,0,0
1122,MIN,MIN,0.99,0.01,13.0,2,0,48.0,48.0,48.0,4,3.0,0.0,8,run,7.0,0,0
1124,MIN,MIN,1.0,0.0,9.0,1,0,2.0,2.0,2.0,4,4.0,0.0,4,pass,7.0,1,0
4416,MIN,GB,0.52,0.48,92.0,2,3,640.0,1540.0,3340.0,1,1.0,0.0,10,pass,0.0,0,0
4418,MIN,GB,0.52,0.48,89.0,2,3,571.0,1471.0,3271.0,1,1.0,0.0,20,pass,0.0,1,0
4419,MIN,GB,0.54,0.46,88.0,2,3,544.0,1444.0,3244.0,1,2.0,0.0,19,run,0.0,1,0
4420,MIN,GB,0.53,0.47,79.0,2,3,500.0,1400.0,3200.0,1,3.0,0.0,10,pass,0.0,1,0
4423,MIN,GB,0.6,0.4,57.0,2,3,441.0,1341.0,3141.0,1,1.0,0.0,10,pass,-6.0,1,0
4424,MIN,GB,0.58,0.42,50.0,2,3,401.0,1301.0,3101.0,1,2.0,0.0,3,pass,-6.0,0,0
4425,MIN,GB,0.55,0.45,32.0,2,3,369.0,1269.0,3069.0,1,1.0,0.0,10,run,-6.0,0,0
4426,MIN,GB,0.55,0.45,25.0,2,3,329.0,1229.0,3029.0,1,2.0,0.0,3,run,-6.0,0,0
4427,MIN,GB,0.55,0.45,23.0,2,3,305.0,1205.0,3005.0,1,3.0,0.0,1,pass,-6.0,0,1
4428,MIN,GB,0.54,0.46,21.0,2,3,274.0,1174.0,2974.0,1,1.0,0.0,10,run,-6.0,1,0
4429,MIN,GB,0.55,0.45,19.0,2,3,230.0,1130.0,2930.0,1,2.0,0.0,8,pass,-6.0,1,0
4430,MIN,GB,0.57,0.43,14.0,2,3,187.0,1087.0,2887.0,1,3.0,0.0,3,pass,-6.0,1,0
4448,MIN,GB,0.67,0.33,75.0,2,3,748.0,748.0,2548.0,2,1.0,0.0,10,pass,-6.0,1,0
4450,MIN,GB,0.66,0.34,68.0,2,3,681.0,681.0,2481.0,2,1.0,0.0,15,pass,-6.0,1,0
4451,MIN,GB,0.65,0.35,62.0,2,3,644.0,644.0,2444.0,2,2.0,0.0,9,run,-6.0,0,0
4452,MIN,GB,0.66,0.34,58.0,2,3,604.0,604.0,2404.0,2,3.0,0.0,5,pass,-6.0,1,0
4459,MIN,GB,0.68,0.32,81.0,2,3,501.0,501.0,2301.0,2,1.0,0.0,10,run,-6.0,1,0
4460,MIN,GB,0.7,0.3,81.0,2,3,459.0,459.0,2259.0,2,2.0,0.0,10,pass,-6.0,1,0
4461,MIN,GB,0.61,0.39,57.0,2,3,413.0,413.0,2213.0,2,1.0,0.0,10,pass,-6.0,0,0
4462,MIN,GB,0.63,0.37,57.0,2,3,407.0,407.0,2207.0,2,2.0,0.0,10,pass,-6.0,1,0
4463,MIN,GB,0.66,0.34,57.0,2,3,404.0,404.0,2204.0,2,3.0,0.0,10,pass,-6.0,1,0
4471,MIN,GB,0.65,0.35,64.0,2,3,241.0,241.0,2041.0,2,1.0,0.0,20,pass,-6.0,1,0
4472,MIN,GB,0.66,0.34,59.0,2,3,202.0,202.0,2002.0,2,2.0,0.0,15,pass,-6.0,1,0
4473,MIN,GB,0.66,0.34,51.0,2,3,155.0,155.0,1955.0,2,3.0,0.0,7,pass,-6.0,1,0
4475,MIN,GB,0.6,0.4,35.0,2,3,120.0,120.0,1920.0,2,1.0,0.0,10,pass,-6.0,1,0
4476,MIN,GB,0.62,0.38,35.0,2,3,116.0,116.0,1916.0,2,2.0,0.0,10,run,-6.0,0,0
4478,MIN,GB,0.63,0.37,31.0,1,3,108.0,108.0,1908.0,2,3.0,0.0,6,pass,-6.0,1,0
4488,MIN,GB,0.78,0.22,75.0,3,3,900.0,1800.0,1800.0,3,1.0,0.0,10,pass,-9.0,0,0
4489,MIN,GB,0.74,0.26,66.0,3,3,875.0,1775.0,1775.0,3,2.0,0.0,1,run,-9.0,0,0
4490,MIN,GB,0.74,0.26,61.0,3,3,836.0,1736.0,1736.0,3,1.0,0.0,10,run,-9.0,0,0
4491,MIN,GB,0.76,0.24,60.0,3,3,793.0,1693.0,1693.0,3,2.0,0.0,9,pass,-9.0,1,0
4492,MIN,GB,0.76,0.24,55.0,3,3,750.0,1650.0,1650.0,3,3.0,0.0,4,pass,-9.0,1,0
4507,MIN,GB,0.86,0.14,75.0,2,3,392.0,1292.0,1292.0,3,1.0,0.0,10,run,-12.0,0,0
4508,MIN,GB,0.87,0.13,74.0,2,3,356.0,1256.0,1256.0,3,2.0,0.0,9,pass,-12.0,1,0
4509,MIN,GB,0.88,0.12,70.0,2,3,311.0,1211.0,1211.0,3,3.0,0.0,5,pass,-12.0,1,0
4515,MIN,GB,0.86,0.14,71.0,2,3,199.0,1099.0,1099.0,3,1.0,0.0,10,run,-12.0,1,0
4516,MIN,GB,0.86,0.14,66.0,2,3,169.0,1069.0,1069.0,3,2.0,0.0,5,pass,-12.0,1,0
4517,MIN,GB,0.85,0.15,62.0,2,3,128.0,1028.0,1028.0,3,3.0,0.0,1,run,-12.0,0,0
4518,MIN,GB,0.84,0.16,57.0,2,3,100.0,1000.0,1000.0,3,1.0,0.0,10,pass,-12.0,0,0
4519,MIN,GB,0.81,0.19,37.0,2,3,67.0,967.0,967.0,3,1.0,0.0,10,pass,-12.0,1,1
4520,MIN,GB,0.82,0.18,37.0,2,3,59.0,959.0,959.0,3,2.0,0.0,10,pass,-12.0,1,0
4521,MIN,GB,0.81,0.19,28.0,2,3,21.0,921.0,921.0,3,3.0,0.0,1,pass,-12.0,0,0
4523,MIN,GB,0.75,0.25,5.0,2,3,900.0,900.0,900.0,4,1.0,1.0,5,run,-12.0,0,0
4524,MIN,GB,0.76,0.24,3.0,2,3,861.0,861.0,861.0,4,2.0,1.0,3,pass,-12.0,1,0
4541,MIN,GB,0.81,0.19,75.0,1,3,455.0,455.0,455.0,4,1.0,0.0,10,pass,-8.0,1,0
4542,MIN,GB,0.83,0.17,75.0,1,3,449.0,449.0,449.0,4,2.0,0.0,10,pass,-8.0,1,0
4560,MIN,GB,0.75,0.25,75.0,0,2,133.0,133.0,133.0,4,1.0,0.0,10,pass,-4.0,1,0
4569,MIN,GB,0.87,0.13,60.0,0,2,97.0,97.0,97.0,4,1.0,0.0,10,pass,-7.0,1,0
4570,MIN,GB,0.89,0.11,60.0,0,2,92.0,92.0,92.0,4,2.0,0.0,10,pass,-7.0,1,0
4571,MIN,GB,0.87,0.13,48.0,0,2,86.0,86.0,86.0,4,1.0,0.0,10,run,-7.0,1,0
4572,MIN,GB,0.88,0.12,44.0,0,2,79.0,79.0,79.0,4,2.0,0.0,6,pass,-7.0,1,0
4573,MIN,GB,0.92,0.08,34.0,0,2,50.0,50.0,50.0,4,1.0,0.0,10,pass,-7.0,1,1
4574,MIN,GB,0.94,0.06,34.0,0,2,46.0,46.0,46.0,4,2.0,0.0,10,pass,-7.0,1,0
4575,MIN,GB,0.95,0.05,28.0,0,2,42.0,42.0,42.0,4,3.0,0.0,4,pass,-7.0,1,0
4577,MIN,GB,0.95,0.05,22.0,0,1,36.0,36.0,36.0,4,1.0,0.0,10,pass,-7.0,1,0
4578,MIN,GB,0.45,0.55,2.0,0,1,31.0,31.0,31.0,4,4.0,0.0,0,pass,-1.0,0,0
4587,MIN,GB,0.56,0.44,70.0,2,2,594.0,594.0,594.0,5,1.0,0.0,10,pass,1.0,0,0
4588,MIN,GB,0.49,0.51,59.0,2,2,564.0,564.0,564.0,5,1.0,0.0,10,run,1.0,0,1
4589,MIN,GB,0.51,0.49,56.0,2,2,541.0,541.0,541.0,5,2.0,0.0,7,pass,1.0,0,1
4590,MIN,GB,0.35,0.65,32.0,2,2,493.0,493.0,493.0,5,1.0,0.0,10,run,1.0,0,0
4591,MIN,GB,0.38,0.62,31.0,2,2,464.0,464.0,464.0,5,2.0,0.0,9,pass,1.0,1,0
4592,MIN,GB,0.46,0.54,31.0,2,2,460.0,460.0,460.0,5,3.0,0.0,9,pass,1.0,1,0
4601,MIN,GB,0.69,0.31,80.0,1,2,228.0,228.0,228.0,5,1.0,0.0,10,pass,1.0,1,0
4602,MIN,GB,0.62,0.38,68.0,1,2,191.0,191.0,191.0,5,1.0,0.0,10,pass,1.0,1,0
4603,MIN,GB,0.43,0.57,43.0,1,2,146.0,146.0,146.0,5,1.0,0.0,10,pass,1.0,1,0
4604,MIN,GB,0.37,0.63,35.0,1,2,141.0,141.0,141.0,5,2.0,0.0,2,pass,1.0,0,0
4606,MIN,GB,0.45,0.55,36.0,1,2,120.0,120.0,120.0,5,3.0,0.0,3,pass,1.0,1,0
4607,MIN,GB,0.38,0.62,30.0,1,2,77.0,77.0,77.0,5,1.0,0.0,10,run,1.0,1,0
4608,MIN,GB,0.34,0.66,21.0,1,2,32.0,32.0,32.0,5,2.0,0.0,1,run,1.0,0,0
6573,MIN,MIN,0.24,0.76,93.0,3,3,595.0,1495.0,3295.0,1,1.0,0.0,10,pass,-7.0,1,0
6574,MIN,MIN,0.23,0.77,90.0,3,3,573.0,1473.0,3273.0,1,2.0,0.0,7,pass,-7.0,0,0
6575,MIN,MIN,0.21,0.79,90.0,3,3,570.0,1470.0,3270.0,1,3.0,0.0,7,pass,-7.0,1,0
6582,MIN,MIN,0.21,0.79,75.0,3,3,444.0,1344.0,3144.0,1,1.0,0.0,10,run,-10.0,0,0
6583,MIN,MIN,0.2,0.8,73.0,3,3,406.0,1306.0,3106.0,1,2.0,0.0,8,run,-10.0,0,0
6584,MIN,MIN,0.18,0.82,73.0,3,3,364.0,1264.0,3064.0,1,3.0,0.0,8,pass,-10.0,1,0
6589,MIN,MIN,0.09,0.91,75.0,3,3,309.0,1209.0,3009.0,1,1.0,0.0,10,pass,-17.0,1,0
6590,MIN,MIN,0.09,0.91,72.0,3,3,278.0,1178.0,2978.0,1,2.0,0.0,7,run,-17.0,1,0
6591,MIN,MIN,0.11,0.89,61.0,3,3,233.0,1133.0,2933.0,1,1.0,0.0,10,pass,-17.0,1,1
6592,MIN,MIN,0.1,0.9,61.0,3,3,229.0,1129.0,2929.0,1,2.0,0.0,10,pass,-17.0,1,0
6593,MIN,MIN,0.1,0.9,56.0,3,3,193.0,1093.0,2893.0,1,3.0,0.0,5,pass,-17.0,1,0
6610,MIN,MIN,0.01,0.99,92.0,3,1,729.0,729.0,2529.0,2,1.0,0.0,10,pass,-24.0,0,0
6611,MIN,MIN,0.01,0.99,89.0,3,1,692.0,692.0,2492.0,2,2.0,0.0,7,pass,-24.0,1,0
6612,MIN,MIN,0.02,0.98,83.0,3,1,650.0,650.0,2450.0,2,3.0,0.0,1,pass,-24.0,1,0
6625,MIN,MIN,0.01,0.99,83.0,3,1,371.0,371.0,2171.0,2,1.0,0.0,10,run,-27.0,0,0
6626,MIN,MIN,0.0,1.0,84.0,3,1,332.0,332.0,2132.0,2,2.0,0.0,11,pass,-27.0,1,0
6627,MIN,MIN,0.0,1.0,80.0,3,1,297.0,297.0,2097.0,2,3.0,0.0,7,pass,-27.0,1,0
6644,MIN,MIN,0.01,0.99,81.0,1,0,56.0,56.0,1856.0,2,1.0,0.0,10,pass,-27.0,1,0
6646,MIN,MIN,0.0,1.0,78.0,0,0,43.0,43.0,1843.0,2,2.0,0.0,7,pass,-27.0,1,0
6647,MIN,MIN,0.0,1.0,78.0,0,0,37.0,37.0,1837.0,2,3.0,0.0,7,pass,-27.0,1,0
6648,MIN,MIN,0.01,0.99,70.0,0,0,16.0,16.0,1816.0,2,1.0,0.0,10,pass,-27.0,1,0
6651,MIN,MIN,0.0,1.0,78.0,3,3,895.0,1795.0,1795.0,3,1.0,0.0,10,pass,-27.0,1,0
6652,MIN,MIN,0.01,0.99,69.0,3,3,873.0,1773.0,1773.0,3,2.0,0.0,1,run,-27.0,1,0
6653,MIN,MIN,0.0,1.0,73.0,3,3,834.0,1734.0,1734.0,3,3.0,0.0,5,pass,-27.0,1,0
6654,MIN,MIN,0.01,0.99,54.0,3,3,806.0,1706.0,1706.0,3,1.0,0.0,10,pass,-27.0,1,0
6655,MIN,MIN,0.01,0.99,50.0,3,3,771.0,1671.0,1671.0,3,2.0,0.0,6,pass,-27.0,1,0
6656,MIN,MIN,0.01,0.99,50.0,3,3,747.0,1647.0,1647.0,3,3.0,0.0,6,pass,-27.0,1,0
6662,MIN,MIN,0.01,0.99,42.0,3,3,576.0,1476.0,1476.0,3,1.0,0.0,10,pass,-27.0,1,0
6663,MIN,MIN,0.01,0.99,42.0,3,3,570.0,1470.0,1470.0,3,2.0,0.0,10,pass,-27.0,1,0
6674,MIN,MIN,0.0,1.0,95.0,2,3,237.0,1137.0,1137.0,3,1.0,0.0,10,pass,-27.0,1,0
6675,MIN,MIN,0.0,1.0,81.0,2,3,210.0,1110.0,1110.0,3,1.0,0.0,10,pass,-27.0,1,0
6676,MIN,MIN,0.0,1.0,78.0,2,3,181.0,1081.0,1081.0,3,2.0,0.0,7,pass,-27.0,1,0
6677,MIN,MIN,0.0,1.0,78.0,2,3,177.0,1077.0,1077.0,3,3.0,0.0,7,pass,-27.0,1,0
6683,MIN,MIN,0.0,1.0,87.0,2,3,33.0,933.0,933.0,3,1.0,0.0,10,pass,-27.0,1,0
6684,MIN,MIN,0.0,1.0,80.0,2,3,13.0,913.0,913.0,3,2.0,0.0,3,pass,-27.0,1,0
6685,MIN,MIN,0.0,1.0,80.0,2,3,11.0,911.0,911.0,3,3.0,0.0,3,pass,-27.0,1,0
6687,MIN,MIN,0.0,1.0,69.0,2,3,900.0,900.0,900.0,4,1.0,0.0,10,run,-27.0,1,0
6688,MIN,MIN,0.0,1.0,67.0,2,3,874.0,874.0,874.0,4,2.0,0.0,8,pass,-27.0,1,1
6689,MIN,MIN,0.01,0.99,57.0,2,3,846.0,846.0,846.0,4,1.0,0.0,10,pass,-27.0,1,1
6690,MIN,MIN,0.01,0.99,46.0,2,3,807.0,807.0,807.0,4,1.0,0.0,10,pass,-27.0,1,0
6691,MIN,MIN,0.01,0.99,43.0,2,3,781.0,781.0,781.0,4,2.0,0.0,7,pass,-27.0,1,0
6692,MIN,MIN,0.01,0.99,35.0,2,3,757.0,757.0,757.0,4,1.0,0.0,10,pass,-27.0,1,1
6693,MIN,MIN,0.01,0.99,28.0,2,3,728.0,728.0,728.0,4,2.0,0.0,3,pass,-27.0,1,0
6694,MIN,MIN,0.01,0.99,28.0,2,3,726.0,726.0,726.0,4,3.0,0.0,3,pass,-27.0,1,0
6695,MIN,MIN,0.01,0.99,26.0,2,3,691.0,691.0,691.0,4,4.0,0.0,1,pass,-27.0,1,0
6703,MIN,MIN,0.0,1.0,92.0,2,3,439.0,439.0,439.0,4,1.0,0.0,10,pass,-27.0,1,0
6704,MIN,MIN,0.0,1.0,92.0,2,3,415.0,415.0,415.0,4,2.0,0.0,10,pass,-27.0,1,1
6705,MIN,MIN,0.0,1.0,81.0,2,3,391.0,391.0,391.0,4,1.0,0.0,10,pass,-27.0,1,1
6706,MIN,MIN,0.0,1.0,64.0,2,3,370.0,370.0,370.0,4,1.0,0.0,10,pass,-27.0,1,1
6707,MIN,MIN,0.0,1.0,64.0,2,3,364.0,364.0,364.0,4,2.0,0.0,10,pass,-27.0,1,0
6708,MIN,MIN,0.0,1.0,57.0,2,3,335.0,335.0,335.0,4,3.0,0.0,3,pass,-27.0,1,1
6709,MIN,MIN,0.0,1.0,50.0,2,3,314.0,314.0,314.0,4,1.0,0.0,10,pass,-27.0,1,1
6710,MIN,MIN,0.0,1.0,38.0,2,3,290.0,290.0,290.0,4,1.0,0.0,10,pass,-27.0,1,1
6711,MIN,MIN,0.0,1.0,38.0,2,3,284.0,284.0,284.0,4,2.0,0.0,10,pass,-27.0,1,0
6712,MIN,MIN,0.0,1.0,29.0,2,3,257.0,257.0,257.0,4,3.0,0.0,1,pass,-27.0,1,1
6713,MIN,MIN,0.0,1.0,24.0,2,3,229.0,229.0,229.0,4,1.0,0.0,10,pass,-27.0,1,1
6715,MIN,MIN,0.0,1.0,13.0,2,3,189.0,189.0,189.0,4,1.0,0.0,10,pass,-27.0,1,0
6716,MIN,MIN,0.0,1.0,4.0,2,3,183.0,183.0,183.0,4,1.0,1.0,4,pass,-27.0,1,0
6717,MIN,MIN,0.0,1.0,2.0,2,3,179.0,179.0,179.0,4,4.0,0.0,0,pass,-21.0,0,0
6726,MIN,MIN,0.0,1.0,95.0,0,3,113.0,113.0,113.0,4,1.0,0.0,10,pass,-21.0,1,0
6727,MIN,MIN,0.0,1.0,95.0,0,3,110.0,110.0,110.0,4,2.0,0.0,10,pass,-21.0,1,0
6728,MIN,MIN,0.0,1.0,87.0,0,3,84.0,84.0,84.0,4,3.0,0.0,2,pass,-21.0,1,0
6729,MIN,MIN,0.0,1.0,81.0,0,3,60.0,60.0,60.0,4,1.0,0.0,10,pass,-21.0,1,1
6730,MIN,MIN,0.01,0.99,67.0,0,3,34.0,34.0,34.0,4,1.0,0.0,10,pass,-21.0,1,1
6731,MIN,MIN,0.0,1.0,55.0,0,3,27.0,27.0,27.0,4,1.0,0.0,10,pass,-21.0,1,0
6732,MIN,MIN,0.0,1.0,38.0,0,3,1.0,1.0,1.0,4,1.0,0.0,10,pass,-21.0,1,1
8644,MIN,LA,0.5,0.5,75.0,3,3,900.0,1800.0,3600.0,1,1.0,0.0,10,run,0.0,0,0
8645,MIN,LA,0.49,0.51,69.0,3,3,866.0,1766.0,3566.0,1,2.0,0.0,4,run,0.0,0,0
8646,MIN,LA,0.53,0.47,72.0,3,3,826.0,1726.0,3526.0,1,3.0,0.0,7,pass,0.0,1,0
8647,MIN,LA,0.46,0.54,64.0,3,3,791.0,1691.0,3491.0,1,1.0,0.0,10,pass,0.0,0,0
8648,MIN,LA,0.45,0.55,58.0,3,3,738.0,1638.0,3438.0,1,2.0,0.0,4,pass,0.0,0,0
8649,MIN,LA,0.41,0.59,42.0,3,3,695.0,1595.0,3395.0,1,1.0,0.0,10,run,0.0,1,0
8650,MIN,LA,0.43,0.57,45.0,3,3,656.0,1556.0,3356.0,1,2.0,0.0,13,pass,0.0,1,0
8651,MIN,LA,0.38,0.62,26.0,3,3,616.0,1516.0,3316.0,1,1.0,0.0,10,run,0.0,0,0
8652,MIN,LA,0.37,0.63,19.0,3,3,572.0,1472.0,3272.0,1,2.0,0.0,3,pass,0.0,0,0
8653,MIN,LA,0.4,0.6,19.0,3,3,569.0,1469.0,3269.0,1,3.0,0.0,3,pass,0.0,1,0
8654,MIN,LA,0.37,0.63,16.0,3,3,527.0,1427.0,3227.0,1,1.0,0.0,10,run,0.0,0,0
8655,MIN,LA,0.38,0.62,16.0,3,3,487.0,1387.0,3187.0,1,2.0,0.0,10,pass,0.0,1,0
8656,MIN,LA,0.4,0.6,16.0,3,3,481.0,1381.0,3181.0,1,3.0,0.0,10,pass,0.0,1,0
8674,MIN,LA,0.49,0.51,75.0,3,3,115.0,1015.0,2815.0,1,1.0,0.0,10,pass,0.0,1,0
8675,MIN,LA,0.5,0.5,71.0,3,3,81.0,981.0,2781.0,1,2.0,0.0,6,run,0.0,0,0
8677,MIN,LA,0.54,0.46,74.0,3,3,3.0,903.0,2703.0,1,3.0,0.0,9,pass,0.0,1,0
8679,MIN,LA,0.47,0.53,65.0,3,3,900.0,900.0,2700.0,2,1.0,0.0,10,pass,0.0,1,0
8680,MIN,LA,0.41,0.59,38.0,3,3,873.0,873.0,2673.0,2,1.0,0.0,10,run,0.0,0,1
8681,MIN,LA,0.44,0.56,40.0,3,3,828.0,828.0,2628.0,2,2.0,0.0,12,pass,0.0,0,0
8682,MIN,LA,0.42,0.58,30.0,3,3,780.0,780.0,2580.0,2,3.0,0.0,2,pass,0.0,0,0
8683,MIN,LA,0.46,0.54,29.0,3,3,741.0,741.0,2541.0,2,4.0,0.0,1,run,0.0,0,0
8684,MIN,LA,0.39,0.61,27.0,3,3,700.0,700.0,2500.0,2,1.0,0.0,10,pass,0.0,0,0
8685,MIN,LA,0.41,0.59,28.0,3,3,659.0,659.0,2459.0,2,2.0,0.0,11,run,0.0,1,0
8686,MIN,LA,0.4,0.6,19.0,3,3,617.0,617.0,2417.0,2,3.0,0.0,2,pass,0.0,1,0
8693,MIN,LA,0.61,0.39,75.0,3,3,568.0,568.0,2368.0,2,1.0,0.0,10,pass,-4.0,1,0
8694,MIN,LA,0.53,0.47,41.0,3,3,525.0,525.0,2325.0,2,1.0,0.0,10,pass,-4.0,0,0
8695,MIN,LA,0.5,0.5,17.0,3,3,493.0,493.0,2293.0,2,1.0,0.0,10,pass,-4.0,0,0
8702,MIN,LA,0.37,0.63,71.0,3,3,417.0,417.0,2217.0,2,1.0,0.0,10,run,3.0,0,0
8703,MIN,LA,0.39,0.61,71.0,3,3,392.0,392.0,2192.0,2,2.0,0.0,10,run,3.0,1,0
8704,MIN,LA,0.4,0.6,67.0,3,3,353.0,353.0,2153.0,2,3.0,0.0,6,pass,3.0,1,0
8712,MIN,LA,0.61,0.39,75.0,3,3,227.0,227.0,2027.0,2,1.0,0.0,10,pass,-4.0,0,0
8713,MIN,LA,0.62,0.38,72.0,3,3,187.0,187.0,1987.0,2,2.0,0.0,7,pass,-4.0,1,0
8714,MIN,LA,0.64,0.36,72.0,3,3,183.0,183.0,1983.0,2,3.0,0.0,7,pass,-4.0,1,0
8715,MIN,LA,0.6,0.4,64.0,3,3,154.0,154.0,1954.0,2,1.0,0.0,10,pass,-4.0,0,0
8718,MIN,LA,0.64,0.36,74.0,3,3,120.0,120.0,1920.0,2,2.0,0.0,20,pass,-4.0,1,0
8720,MIN,LA,0.63,0.37,77.0,2,3,115.0,115.0,1915.0,2,3.0,0.0,23,pass,-4.0,1,0
8727,MIN,LA,0.82,0.18,70.0,1,3,86.0,86.0,1886.0,2,1.0,0.0,10,pass,-11.0,1,0
8728,MIN,LA,0.82,0.18,64.0,1,3,79.0,79.0,1879.0,2,2.0,0.0,4,pass,-11.0,1,0
8729,MIN,LA,0.81,0.19,59.0,1,3,55.0,55.0,1855.0,2,1.0,0.0,10,pass,-11.0,1,1
8730,MIN,LA,0.8,0.2,45.0,1,3,49.0,49.0,1849.0,2,1.0,0.0,10,pass,-11.0,1,0
8731,MIN,LA,0.79,0.21,39.0,1,3,43.0,43.0,1843.0,2,2.0,0.0,4,pass,-11.0,1,0
8733,MIN,LA,0.81,0.19,39.0,0,3,37.0,37.0,1837.0,2,3.0,0.0,4,pass,-11.0,1,0
8735,MIN,LA,0.82,0.18,36.0,0,2,30.0,30.0,1830.0,2,4.0,0.0,1,run,-11.0,0,0
8737,MIN,LA,0.78,0.22,34.0,0,1,28.0,28.0,1828.0,2,1.0,0.0,10,pass,-11.0,1,0
8750,MIN,LA,0.72,0.28,64.0,3,3,654.0,1554.0,1554.0,3,1.0,0.0,10,pass,-8.0,1,0
8751,MIN,LA,0.74,0.26,64.0,3,3,646.0,1546.0,1546.0,3,2.0,0.0,10,run,-8.0,1,0
8752,MIN,LA,0.75,0.25,59.0,3,3,600.0,1500.0,1500.0,3,3.0,0.0,5,pass,-8.0,1,0
8753,MIN,LA,0.68,0.32,46.0,3,3,562.0,1462.0,1462.0,3,1.0,0.0,10,run,-8.0,0,0
8754,MIN,LA,0.7,0.3,46.0,3,3,522.0,1422.0,1422.0,3,2.0,0.0,10,pass,-8.0,1,0
8756,MIN,LA,0.73,0.27,46.0,3,3,514.0,1414.0,1414.0,3,3.0,0.0,10,pass,-8.0,1,0
8765,MIN,LA,0.84,0.16,75.0,3,3,321.0,1221.0,1221.0,3,1.0,0.0,10,pass,-11.0,0,0
8766,MIN,LA,0.86,0.14,75.0,3,3,313.0,1213.0,1213.0,3,2.0,0.0,10,pass,-11.0,1,0
8767,MIN,LA,0.87,0.13,75.0,3,3,308.0,1208.0,1208.0,3,3.0,0.0,10,pass,-11.0,1,0
8768,MIN,LA,0.79,0.21,51.0,3,3,264.0,1164.0,1164.0,3,1.0,0.0,10,pass,-11.0,1,0
8769,MIN,LA,0.79,0.21,45.0,3,3,224.0,1124.0,1124.0,3,2.0,0.0,4,pass,-11.0,1,0
8770,MIN,LA,0.66,0.34,2.0,3,3,215.0,1115.0,1115.0,3,4.0,0.0,0,pass,-5.0,0,0
8779,MIN,LA,0.83,0.17,75.0,3,3,69.0,969.0,969.0,3,1.0,0.0,10,pass,-10.0,0,0
8780,MIN,LA,0.8,0.2,61.0,3,3,31.0,931.0,931.0,3,1.0,0.0,10,run,-10.0,0,0
8782,MIN,LA,0.81,0.19,59.0,3,3,900.0,900.0,900.0,4,2.0,0.0,8,pass,-10.0,1,0
8783,MIN,LA,0.86,0.14,69.0,3,3,859.0,859.0,859.0,4,3.0,0.0,18,pass,-10.0,1,0
8796,MIN,LA,0.87,0.13,80.0,3,3,501.0,501.0,501.0,4,1.0,0.0,10,pass,-10.0,0,0
8797,MIN,LA,0.85,0.15,66.0,3,3,459.0,459.0,459.0,4,1.0,0.0,10,pass,-10.0,0,0
8798,MIN,LA,0.87,0.13,65.0,3,3,420.0,420.0,420.0,4,2.0,0.0,9,pass,-10.0,1,0
8799,MIN,LA,0.84,0.16,56.0,3,3,385.0,385.0,385.0,4,1.0,0.0,10,pass,-10.0,1,0
8800,MIN,LA,0.81,0.19,37.0,3,3,353.0,353.0,353.0,4,1.0,0.0,10,run,-10.0,0,0
8801,MIN,LA,0.79,0.21,18.0,3,3,309.0,309.0,309.0,4,1.0,0.0,10,run,-10.0,0,0
8802,MIN,LA,0.81,0.19,14.0,3,3,279.0,279.0,279.0,4,2.0,0.0,6,pass,-10.0,1,0
8803,MIN,LA,0.83,0.17,14.0,3,3,274.0,274.0,274.0,4,3.0,0.0,6,pass,-10.0,1,0
8812,MIN,LA,0.87,0.13,66.0,2,2,140.0,140.0,140.0,4,1.0,0.0,10,pass,-7.0,1,0
8814,MIN,LA,0.92,0.08,74.0,2,2,120.0,120.0,120.0,4,2.0,0.0,18,pass,-7.0,1,0
8815,MIN,LA,0.9,0.1,65.0,2,2,114.0,114.0,114.0,4,3.0,0.0,9,pass,-7.0,1,0
8816,MIN,LA,0.89,0.11,52.0,2,2,89.0,89.0,89.0,4,1.0,0.0,10,pass,-7.0,1,1
13429,MIN,PHI,0.5,0.5,75.0,3,3,900.0,1800.0,3600.0,1,1.0,0.0,10,pass,0.0,0,0
13430,MIN,PHI,0.5,0.5,70.0,3,3,866.0,1766.0,3566.0,1,2.0,0.0,5,pass,0.0,0,0
13431,MIN,PHI,0.46,0.54,63.0,3,3,846.0,1746.0,3546.0,1,1.0,0.0,10,pass,0.0,0,1
13432,MIN,PHI,0.41,0.59,39.0,3,3,801.0,1701.0,3501.0,1,1.0,0.0,10,run,0.0,1,0
13433,MIN,PHI,0.4,0.6,33.0,3,3,759.0,1659.0,3459.0,1,2.0,0.0,4,run,0.0,1,0
13434,MIN,PHI,0.4,0.6,30.0,3,3,723.0,1623.0,3423.0,1,3.0,0.0,1,run,0.0,0,0
13435,MIN,PHI,0.39,0.61,29.0,3,3,683.0,1583.0,3383.0,1,1.0,0.0,10,run,0.0,1,0
13436,MIN,PHI,0.39,0.61,24.0,3,3,648.0,1548.0,3348.0,1,2.0,0.0,5,run,0.0,1,0
13437,MIN,PHI,0.37,0.63,18.0,3,3,610.0,1510.0,3310.0,1,1.0,0.0,10,pass,0.0,0,0
13438,MIN,PHI,0.37,0.63,12.0,3,3,570.0,1470.0,3270.0,1,2.0,0.0,4,pass,0.0,0,0
13439,MIN,PHI,0.38,0.62,10.0,3,3,527.0,1427.0,3227.0,1,3.0,0.0,2,pass,0.0,1,0
13445,MIN,PHI,0.41,0.59,50.0,3,3,424.0,1324.0,3124.0,1,1.0,0.0,10,pass,0.0,1,0
13446,MIN,PHI,0.37,0.63,26.0,3,3,387.0,1287.0,3087.0,1,1.0,0.0,10,run,0.0,0,0
13447,MIN,PHI,0.38,0.62,25.0,3,3,351.0,1251.0,3051.0,1,2.0,0.0,9,pass,0.0,1,0
13448,MIN,PHI,0.39,0.61,19.0,3,3,309.0,1209.0,3009.0,1,3.0,0.0,3,pass,0.0,1,0
13455,MIN,PHI,0.44,0.56,90.0,3,3,171.0,1071.0,2871.0,1,1.0,0.0,10,run,3.0,0,0
13456,MIN,PHI,0.46,0.54,88.0,3,3,131.0,1031.0,2831.0,1,2.0,0.0,8,pass,3.0,0,0
13457,MIN,PHI,0.48,0.52,88.0,3,3,125.0,1025.0,2825.0,1,3.0,0.0,8,pass,3.0,1,0
13458,MIN,PHI,0.41,0.59,80.0,3,3,76.0,976.0,2776.0,1,1.0,0.0,10,run,3.0,0,0
13459,MIN,PHI,0.44,0.56,80.0,3,3,34.0,934.0,2734.0,1,2.0,0.0,10,pass,3.0,0,0
13461,MIN,PHI,0.48,0.52,83.0,3,3,900.0,900.0,2700.0,2,3.0,0.0,13,pass,3.0,1,0
13469,MIN,PHI,0.5,0.5,75.0,3,3,744.0,744.0,2544.0,2,1.0,0.0,10,pass,0.0,0,0
13470,MIN,PHI,0.48,0.52,68.0,3,3,699.0,699.0,2499.0,2,2.0,0.0,3,pass,0.0,0,0
13471,MIN,PHI,0.46,0.54,61.0,3,3,656.0,656.0,2456.0,2,1.0,0.0,10,run,0.0,1,0
13472,MIN,PHI,0.47,0.53,59.0,3,3,616.0,616.0,2416.0,2,2.0,0.0,8,run,0.0,0,0
13473,MIN,PHI,0.41,0.59,39.0,3,3,579.0,579.0,2379.0,2,1.0,0.0,10,run,0.0,1,0
13474,MIN,PHI,0.38,0.62,27.0,3,3,532.0,532.0,2332.0,2,1.0,0.0,10,run,0.0,1,0
13476,MIN,PHI,0.41,0.59,33.0,3,3,470.0,470.0,2270.0,2,2.0,0.0,16,pass,0.0,1,0
13477,MIN,PHI,0.42,0.58,27.0,3,3,422.0,422.0,2222.0,2,3.0,0.0,10,pass,0.0,1,0
13491,MIN,PHI,0.25,0.75,56.0,3,3,165.0,165.0,1965.0,2,1.0,0.0,10,pass,6.0,1,0
13493,MIN,PHI,0.24,0.76,49.0,3,3,120.0,120.0,1920.0,2,2.0,0.0,3,pass,6.0,0,0
13494,MIN,PHI,0.24,0.76,47.0,3,3,78.0,78.0,1878.0,2,3.0,0.0,1,pass,6.0,1,0
13496,MIN,PHI,0.23,0.77,44.0,3,2,70.0,70.0,1870.0,2,1.0,0.0,10,pass,6.0,1,0
13497,MIN,PHI,0.22,0.78,37.0,3,2,47.0,47.0,1847.0,2,2.0,0.0,3,pass,6.0,1,1
13498,MIN,PHI,0.21,0.79,27.0,3,2,43.0,43.0,1843.0,2,1.0,0.0,10,pass,6.0,1,0
13501,MIN,PHI,0.19,0.81,11.0,3,1,31.0,31.0,1831.0,2,1.0,0.0,10,pass,6.0,1,0
13502,MIN,PHI,0.18,0.82,3.0,3,1,27.0,27.0,1827.0,2,2.0,0.0,2,pass,6.0,0,0
13518,MIN,PHI,0.14,0.86,95.0,3,3,573.0,1473.0,1473.0,3,1.0,0.0,10,pass,13.0,1,0
13520,MIN,PHI,0.06,0.94,27.0,3,2,530.0,1430.0,1430.0,3,1.0,0.0,10,pass,13.0,1,0
13521,MIN,PHI,0.04,0.96,2.0,3,2,501.0,1401.0,1401.0,3,1.0,1.0,2,run,13.0,1,0
13522,MIN,PHI,0.05,0.95,4.0,3,2,463.0,1363.0,1363.0,3,2.0,1.0,4,pass,13.0,1,0
13523,MIN,PHI,0.06,0.94,4.0,3,2,458.0,1358.0,1358.0,3,3.0,1.0,4,pass,13.0,1,0
13536,MIN,PHI,0.1,0.9,75.0,3,2,177.0,1077.0,1077.0,3,1.0,0.0,10,pass,13.0,0,0
13537,MIN,PHI,0.11,0.89,75.0,3,2,173.0,1073.0,1073.0,3,2.0,0.0,10,run,13.0,0,0
13538,MIN,PHI,0.13,0.87,77.0,3,2,133.0,1033.0,1033.0,3,3.0,0.0,12,pass,13.0,1,0
13554,MIN,PHI,0.28,0.72,75.0,2,2,725.0,725.0,725.0,4,1.0,0.0,10,run,5.0,1,0
13555,MIN,PHI,0.23,0.77,72.0,1,2,683.0,683.0,683.0,4,2.0,0.0,7,pass,5.0,0,0
13556,MIN,PHI,0.23,0.77,59.0,1,2,659.0,659.0,659.0,4,1.0,0.0,10,run,5.0,1,0
13557,MIN,PHI,0.24,0.76,58.0,1,2,614.0,614.0,614.0,4,2.0,0.0,9,run,5.0,1,0
13566,MIN,PHI,0.31,0.69,89.0,1,1,551.0,551.0,551.0,4,1.0,0.0,10,pass,5.0,0,0
13567,MIN,PHI,0.31,0.69,87.0,1,1,508.0,508.0,508.0,4,2.0,0.0,8,run,5.0,0,0
13568,MIN,PHI,0.25,0.75,76.0,1,1,472.0,472.0,472.0,4,1.0,0.0,10,run,5.0,1,0
13569,MIN,PHI,0.24,0.76,71.0,1,1,429.0,429.0,429.0,4,2.0,0.0,5,pass,5.0,0,0
13570,MIN,PHI,0.21,0.79,65.0,1,1,397.0,397.0,397.0,4,1.0,0.0,10,run,5.0,1,0
13571,MIN,PHI,0.21,0.79,62.0,1,1,358.0,358.0,358.0,4,2.0,0.0,7,pass,5.0,1,0
13572,MIN,PHI,0.17,0.83,56.0,1,1,309.0,309.0,309.0,4,3.0,0.0,1,pass,5.0,0,0
13573,MIN,PHI,0.13,0.87,39.0,1,1,268.0,268.0,268.0,4,1.0,0.0,10,run,5.0,1,0
13574,MIN,PHI,0.12,0.88,37.0,1,1,222.0,222.0,222.0,4,2.0,0.0,8,pass,5.0,1,0
13575,MIN,PHI,0.12,0.88,36.0,1,1,178.0,178.0,178.0,4,3.0,0.0,7,pass,5.0,1,0
15013,MIN,MIN,0.52,0.48,69.0,3,3,813.0,1713.0,3513.0,1,1.0,0.0,10,pass,0.0,0,0
15014,MIN,MIN,0.56,0.44,60.0,3,3,791.0,1691.0,3491.0,1,2.0,0.0,1,pass,0.0,1,0
15015,MIN,MIN,0.57,0.43,50.0,3,3,751.0,1651.0,3451.0,1,1.0,0.0,10,pass,0.0,1,0
15016,MIN,MIN,0.58,0.42,44.0,3,3,723.0,1623.0,3423.0,1,2.0,0.0,4,run,0.0,0,0
15017,MIN,MIN,0.57,0.43,42.0,3,3,681.0,1581.0,3381.0,1,3.0,0.0,2,pass,0.0,1,0
15018,MIN,MIN,0.52,0.48,42.0,3,3,677.0,1577.0,3377.0,1,4.0,0.0,2,pass,0.0,1,0
15027,MIN,MIN,0.43,0.57,75.0,3,3,498.0,1398.0,3198.0,1,1.0,0.0,10,pass,-3.0,0,0
15028,MIN,MIN,0.47,0.53,60.0,3,3,472.0,1372.0,3172.0,1,1.0,0.0,10,run,-3.0,0,0
15030,MIN,MIN,0.51,0.49,39.0,3,3,420.0,1320.0,3120.0,1,1.0,0.0,15,pass,-3.0,1,0
15031,MIN,MIN,0.52,0.48,30.0,3,3,381.0,1281.0,3081.0,1,2.0,0.0,6,run,-3.0,1,0
15032,MIN,MIN,0.54,0.46,21.0,3,3,345.0,1245.0,3045.0,1,1.0,0.0,10,pass,-3.0,1,0
15033,MIN,MIN,0.52,0.48,21.0,3,3,341.0,1241.0,3041.0,1,2.0,0.0,10,run,-3.0,0,0
15037,MIN,MIN,0.76,0.24,31.0,3,3,326.0,1226.0,3026.0,1,1.0,0.0,10,run,4.0,0,0
15039,MIN,MIN,0.73,0.27,33.0,3,3,270.0,1170.0,2970.0,1,2.0,0.0,12,pass,4.0,1,0
15040,MIN,MIN,0.77,0.23,17.0,3,3,253.0,1153.0,2953.0,1,1.0,0.0,10,pass,4.0,1,0
15041,MIN,MIN,0.74,0.26,24.0,3,3,210.0,1110.0,2910.0,1,2.0,0.0,17,run,4.0,1,0
15042,MIN,MIN,0.7,0.3,28.0,3,3,166.0,1066.0,2866.0,1,3.0,0.0,21,pass,4.0,1,0
15049,MIN,MIN,0.76,0.24,69.0,3,3,12.0,912.0,2712.0,1,1.0,0.0,10,pass,7.0,1,0
15051,MIN,MIN,0.79,0.21,60.0,3,3,900.0,900.0,2700.0,2,2.0,0.0,1,run,7.0,0,0
15052,MIN,MIN,0.77,0.23,60.0,3,3,865.0,865.0,2665.0,2,3.0,0.0,1,pass,7.0,0,0
15058,MIN,MIN,0.67,0.33,99.0,3,3,723.0,723.0,2523.0,2,1.0,0.0,10,run,7.0,0,0
15059,MIN,MIN,0.65,0.35,98.0,3,3,688.0,688.0,2488.0,2,2.0,0.0,9,run,7.0,0,0
15061,MIN,MIN,0.64,0.36,98.0,3,3,624.0,624.0,2424.0,2,3.0,0.0,9,pass,7.0,1,0
15067,MIN,MIN,0.72,0.28,90.0,3,3,482.0,482.0,2282.0,2,1.0,0.0,10,run,7.0,0,0
15068,MIN,MIN,0.72,0.28,85.0,3,3,442.0,442.0,2242.0,2,2.0,0.0,5,pass,7.0,1,0
15069,MIN,MIN,0.76,0.24,75.0,3,3,425.0,425.0,2225.0,2,1.0,0.0,10,run,7.0,0,1
15070,MIN,MIN,0.76,0.24,71.0,3,3,389.0,389.0,2189.0,2,2.0,0.0,6,pass,7.0,1,0
15071,MIN,MIN,0.78,0.22,65.0,3,3,349.0,349.0,2149.0,2,1.0,0.0,10,run,7.0,0,0
15072,MIN,MIN,0.77,0.23,62.0,3,3,308.0,308.0,2108.0,2,2.0,0.0,7,pass,7.0,0,0
15073,MIN,MIN,0.74,0.26,64.0,3,3,264.0,264.0,2064.0,2,3.0,0.0,9,pass,7.0,1,0
15075,MIN,MIN,0.55,0.45,75.0,3,3,253.0,253.0,2053.0,2,1.0,0.0,10,pass,1.0,1,0
15076,MIN,MIN,0.57,0.43,64.0,3,3,217.0,217.0,2017.0,2,1.0,0.0,10,pass,1.0,1,0
15077,MIN,MIN,0.58,0.42,54.0,3,3,170.0,170.0,1970.0,2,1.0,0.0,10,pass,1.0,1,0
15078,MIN,MIN,0.6,0.4,46.0,3,3,129.0,129.0,1929.0,2,2.0,0.0,2,pass,1.0,1,0
15081,MIN,MIN,0.54,0.46,56.0,3,3,120.0,120.0,1920.0,2,3.0,0.0,12,pass,1.0,1,0
15090,MIN,MIN,0.58,0.42,66.0,0,3,80.0,80.0,1880.0,2,1.0,0.0,10,pass,1.0,1,0
15091,MIN,MIN,0.57,0.43,66.0,0,3,78.0,78.0,1878.0,2,2.0,0.0,10,pass,1.0,1,0
15092,MIN,MIN,0.58,0.42,59.0,0,3,55.0,55.0,1855.0,2,3.0,0.0,3,pass,1.0,1,1
15093,MIN,MIN,0.61,0.39,42.0,0,3,32.0,32.0,1832.0,2,1.0,0.0,10,pass,1.0,1,1
15096,MIN,MIN,0.62,0.38,30.0,0,3,16.0,16.0,1816.0,2,2.0,0.0,15,pass,1.0,1,0
15101,MIN,MIN,0.65,0.35,75.0,3,3,900.0,1800.0,1800.0,3,1.0,0.0,10,run,4.0,0,0
15102,MIN,MIN,0.65,0.35,71.0,3,3,865.0,1765.0,1765.0,3,2.0,0.0,6,pass,4.0,0,0
15103,MIN,MIN,0.71,0.29,55.0,3,3,847.0,1747.0,1747.0,3,1.0,0.0,10,run,4.0,0,0
15104,MIN,MIN,0.7,0.3,54.0,3,3,819.0,1719.0,1719.0,3,2.0,0.0,9,run,4.0,0,0
15105,MIN,MIN,0.74,0.26,58.0,3,2,781.0,1681.0,1681.0,3,3.0,0.0,13,pass,4.0,1,0
15106,MIN,MIN,0.74,0.26,45.0,3,2,768.0,1668.0,1668.0,3,1.0,0.0,10,pass,4.0,1,0
15107,MIN,MIN,0.73,0.27,42.0,3,2,729.0,1629.0,1629.0,3,2.0,0.0,7,run,4.0,0,0
15108,MIN,MIN,0.77,0.23,22.0,3,2,692.0,1592.0,1592.0,3,1.0,0.0,10,run,4.0,1,0
15109,MIN,MIN,0.76,0.24,18.0,3,2,656.0,1556.0,1556.0,3,2.0,0.0,6,pass,4.0,1,0
15110,MIN,MIN,0.77,0.23,13.0,3,2,611.0,1511.0,1511.0,3,3.0,0.0,1,pass,4.0,1,0
15117,MIN,MIN,0.9,0.1,43.0,3,2,468.0,1368.0,1368.0,3,1.0,0.0,10,run,11.0,0,0
15118,MIN,MIN,0.92,0.08,9.0,3,2,440.0,1340.0,1340.0,3,1.0,1.0,9,run,11.0,0,0
15119,MIN,MIN,0.92,0.08,7.0,3,2,402.0,1302.0,1302.0,3,2.0,1.0,7,run,11.0,1,0
15129,MIN,MIN,0.97,0.03,53.0,3,2,185.0,1085.0,1085.0,3,1.0,0.0,10,run,18.0,0,0
15130,MIN,MIN,0.97,0.03,49.0,3,2,142.0,1042.0,1042.0,3,2.0,0.0,6,run,18.0,0,0
15131,MIN,MIN,0.97,0.03,47.0,3,2,101.0,1001.0,1001.0,3,3.0,0.0,4,pass,18.0,1,0
15144,MIN,MIN,0.97,0.03,67.0,3,2,726.0,726.0,726.0,4,1.0,0.0,10,pass,18.0,0,0
15145,MIN,MIN,0.98,0.02,58.0,3,2,683.0,683.0,683.0,4,2.0,0.0,1,run,18.0,0,0
15146,MIN,MIN,0.97,0.03,60.0,3,2,639.0,639.0,639.0,4,3.0,0.0,3,pass,18.0,1,0
15159,MIN,MIN,0.9,0.1,81.0,3,2,413.0,413.0,413.0,4,1.0,0.0,10,pass,11.0,0,0
15160,MIN,MIN,0.9,0.1,81.0,3,2,409.0,409.0,409.0,4,2.0,0.0,10,run,11.0,0,0
15161,MIN,MIN,0.89,0.11,80.0,3,2,366.0,366.0,366.0,4,3.0,0.0,9,run,11.0,1,0
15172,MIN,MIN,0.96,0.04,74.0,2,2,194.0,194.0,194.0,4,1.0,0.0,10,run,11.0,0,0
15173,MIN,MIN,0.97,0.03,66.0,2,2,148.0,148.0,148.0,4,2.0,0.0,2,run,11.0,0,0
15175,MIN,MIN,0.97,0.03,65.0,2,1,144.0,144.0,144.0,4,3.0,0.0,1,run,11.0,0,0
15177,MIN,MIN,0.98,0.02,62.0,2,0,138.0,138.0,138.0,4,1.0,0.0,10,run,11.0,0,0
15179,MIN,MIN,0.98,0.02,61.0,2,0,120.0,120.0,120.0,4,2.0,0.0,9,run,11.0,0,0
15180,MIN,MIN,0.99,0.01,56.0,2,0,76.0,76.0,76.0,4,3.0,0.0,4,run,11.0,0,0
17412,MIN,NYJ,0.48,0.52,68.0,3,3,895.0,1795.0,3595.0,1,1.0,0.0,10,run,0.0,1,0
17413,MIN,NYJ,0.42,0.58,46.0,3,3,869.0,1769.0,3569.0,1,1.0,0.0,10,run,0.0,1,0
17414,MIN,NYJ,0.39,0.61,37.0,3,3,844.0,1744.0,3544.0,1,2.0,0.0,1,pass,0.0,1,0
17415,MIN,NYJ,0.4,0.6,34.0,3,3,808.0,1708.0,3508.0,1,1.0,0.0,10,pass,0.0,1,0
17424,MIN,NYJ,0.25,0.75,75.0,3,3,627.0,1527.0,3327.0,1,1.0,0.0,10,run,7.0,1,0
17425,MIN,NYJ,0.28,0.72,75.0,3,3,607.0,1507.0,3307.0,1,2.0,0.0,10,run,7.0,0,1
17427,MIN,NYJ,0.36,0.64,86.0,3,3,542.0,1442.0,3242.0,1,3.0,0.0,21,pass,7.0,1,0
17433,MIN,NYJ,0.28,0.72,86.0,3,3,420.0,1320.0,3120.0,1,1.0,0.0,10,pass,7.0,1,0
17434,MIN,NYJ,0.27,0.73,80.0,3,3,392.0,1292.0,3092.0,1,2.0,0.0,4,pass,7.0,0,0
17435,MIN,NYJ,0.22,0.78,64.0,3,3,357.0,1257.0,3057.0,1,1.0,0.0,10,pass,7.0,1,0
17436,MIN,NYJ,0.22,0.78,60.0,3,3,327.0,1227.0,3027.0,1,2.0,0.0,6,pass,7.0,0,0
17437,MIN,NYJ,0.25,0.75,60.0,3,3,320.0,1220.0,3020.0,1,3.0,0.0,6,pass,7.0,1,0
17447,MIN,NYJ,0.47,0.53,67.0,3,3,55.0,955.0,2755.0,1,1.0,0.0,10,run,0.0,0,0
17448,MIN,NYJ,0.49,0.51,65.0,3,3,15.0,915.0,2715.0,1,2.0,0.0,8,run,0.0,1,0
17450,MIN,NYJ,0.49,0.51,60.0,3,3,900.0,900.0,2700.0,2,3.0,0.0,3,pass,0.0,1,0
17457,MIN,NYJ,0.4,0.6,32.0,3,3,780.0,780.0,2580.0,2,1.0,0.0,10,pass,0.0,0,0
17458,MIN,NYJ,0.39,0.61,25.0,3,3,744.0,744.0,2544.0,2,2.0,0.0,3,pass,0.0,0,0
17459,MIN,NYJ,0.38,0.62,19.0,3,3,704.0,704.0,2504.0,2,1.0,0.0,10,run,0.0,0,0
17460,MIN,NYJ,0.39,0.61,18.0,3,3,667.0,667.0,2467.0,2,2.0,0.0,9,pass,0.0,1,0
17461,MIN,NYJ,0.32,0.68,3.0,3,3,626.0,626.0,2426.0,2,1.0,1.0,3,pass,0.0,0,0
17463,MIN,NYJ,0.36,0.64,8.0,3,3,624.0,624.0,2424.0,2,2.0,1.0,8,pass,0.0,1,0
17464,MIN,NYJ,0.39,0.61,8.0,3,3,621.0,621.0,2421.0,2,3.0,1.0,8,pass,0.0,1,0
17471,MIN,NYJ,0.4,0.6,80.0,3,3,537.0,537.0,2337.0,2,1.0,0.0,10,run,3.0,0,0
17472,MIN,NYJ,0.43,0.57,84.0,3,3,493.0,493.0,2293.0,2,2.0,0.0,14,pass,3.0,1,0
17473,MIN,NYJ,0.46,0.54,84.0,3,3,488.0,488.0,2288.0,2,3.0,0.0,14,pass,3.0,1,0
17477,MIN,NYJ,0.3,0.7,44.0,3,3,426.0,426.0,2226.0,2,1.0,0.0,10,pass,3.0,1,0
17478,MIN,NYJ,0.32,0.68,45.0,3,3,388.0,388.0,2188.0,2,2.0,0.0,11,pass,3.0,0,0
17479,MIN,NYJ,0.35,0.65,45.0,3,3,383.0,383.0,2183.0,2,3.0,0.0,11,pass,3.0,1,0
17485,MIN,NYJ,0.36,0.64,67.0,3,3,286.0,286.0,2086.0,2,1.0,0.0,10,run,3.0,0,0
17486,MIN,NYJ,0.38,0.62,65.0,3,3,245.0,245.0,2045.0,2,2.0,0.0,8,pass,3.0,0,0
17487,MIN,NYJ,0.4,0.6,65.0,3,3,240.0,240.0,2040.0,2,3.0,0.0,8,pass,3.0,1,0
17496,MIN,NYJ,0.3,0.7,30.0,3,2,101.0,101.0,1901.0,2,1.0,0.0,10,pass,3.0,1,0
17497,MIN,NYJ,0.31,0.69,30.0,3,2,97.0,97.0,1897.0,2,2.0,0.0,10,run,3.0,1,0
17498,MIN,NYJ,0.33,0.67,31.0,3,2,92.0,92.0,1892.0,2,3.0,0.0,11,pass,3.0,1,0
17510,MIN,NYJ,0.35,0.65,64.0,3,3,801.0,1701.0,1701.0,3,1.0,0.0,10,run,3.0,0,0
17511,MIN,NYJ,0.36,0.64,62.0,3,3,762.0,1662.0,1662.0,3,2.0,0.0,8,pass,3.0,1,0
17513,MIN,NYJ,0.36,0.64,62.0,3,3,713.0,1613.0,1613.0,3,1.0,0.0,20,run,3.0,1,0
17514,MIN,NYJ,0.36,0.64,58.0,3,3,673.0,1573.0,1573.0,3,2.0,0.0,16,pass,3.0,1,0
17515,MIN,NYJ,0.36,0.64,50.0,3,3,632.0,1532.0,1532.0,3,3.0,0.0,8,pass,3.0,1,0
17516,MIN,NYJ,0.28,0.72,37.0,3,3,588.0,1488.0,1488.0,3,1.0,0.0,10,pass,3.0,0,0
17517,MIN,NYJ,0.29,0.71,34.0,3,3,544.0,1444.0,1444.0,3,2.0,0.0,7,pass,3.0,1,0
17518,MIN,NYJ,0.25,0.75,11.0,3,3,506.0,1406.0,1406.0,3,1.0,0.0,10,pass,3.0,1,0
17519,MIN,NYJ,0.26,0.74,11.0,3,3,500.0,1400.0,1400.0,3,2.0,0.0,10,run,3.0,0,0
17523,MIN,NYJ,0.09,0.91,9.0,3,3,475.0,1375.0,1375.0,3,1.0,1.0,9,run,10.0,0,0
17524,MIN,NYJ,0.1,0.9,10.0,3,3,437.0,1337.0,1337.0,3,2.0,1.0,10,pass,10.0,1,0
17525,MIN,NYJ,0.11,0.89,11.0,3,3,395.0,1295.0,1295.0,3,3.0,1.0,11,pass,10.0,1,0
17536,MIN,NYJ,0.15,0.85,75.0,3,3,159.0,1059.0,1059.0,3,1.0,0.0,10,pass,10.0,1,0
17537,MIN,NYJ,0.14,0.86,67.0,3,3,115.0,1015.0,1015.0,3,2.0,0.0,2,run,10.0,1,0
17538,MIN,NYJ,0.19,0.81,74.0,3,3,71.0,971.0,971.0,3,3.0,0.0,9,pass,10.0,1,0
17546,MIN,NYJ,0.13,0.87,61.0,3,3,886.0,886.0,886.0,4,1.0,0.0,20,run,10.0,1,0
17547,MIN,NYJ,0.1,0.9,38.0,3,3,826.0,826.0,826.0,4,1.0,0.0,10,run,10.0,0,0
17561,MIN,NYJ,0.13,0.87,75.0,3,3,627.0,627.0,627.0,4,1.0,0.0,10,pass,10.0,0,0
17562,MIN,NYJ,0.14,0.86,74.0,3,3,584.0,584.0,584.0,4,2.0,0.0,9,run,10.0,1,0
17563,MIN,NYJ,0.17,0.83,80.0,3,3,541.0,541.0,541.0,4,3.0,0.0,15,pass,10.0,1,0
17567,MIN,NYJ,0.1,0.9,61.0,3,3,513.0,513.0,513.0,4,1.0,0.0,10,run,10.0,0,0
17568,MIN,NYJ,0.11,0.89,62.0,3,3,471.0,471.0,471.0,4,2.0,0.0,11,pass,10.0,1,0
17569,MIN,NYJ,0.1,0.9,57.0,3,3,426.0,426.0,426.0,4,3.0,0.0,6,pass,10.0,1,0
17570,MIN,NYJ,0.06,0.94,36.0,3,3,389.0,389.0,389.0,4,1.0,0.0,10,run,10.0,0,0
17571,MIN,NYJ,0.07,0.93,39.0,3,3,346.0,346.0,346.0,4,2.0,0.0,13,pass,10.0,1,0
17572,MIN,NYJ,0.07,0.93,39.0,3,3,341.0,341.0,341.0,4,3.0,0.0,13,pass,10.0,1,0
17573,MIN,NYJ,0.08,0.92,34.0,3,3,323.0,323.0,323.0,4,4.0,0.0,8,pass,10.0,1,0
17580,MIN,NYJ,0.01,0.99,32.0,3,3,263.0,263.0,263.0,4,1.0,0.0,20,run,17.0,1,0
17581,MIN,NYJ,0.01,0.99,29.0,3,3,217.0,217.0,217.0,4,2.0,0.0,17,run,17.0,0,0
17583,MIN,NYJ,0.01,0.99,27.0,2,3,211.0,211.0,211.0,4,3.0,0.0,15,run,17.0,1,0
21321,MIN,MIN,0.23,0.77,91.0,2,3,627.0,1527.0,3327.0,1,1.0,0.0,10,pass,-7.0,0,0
21322,MIN,MIN,0.28,0.72,77.0,2,3,598.0,1498.0,3298.0,1,1.0,0.0,10,run,-7.0,0,0
21325,MIN,MIN,0.27,0.73,76.0,2,3,536.0,1436.0,3236.0,1,1.0,0.0,20,run,-7.0,0,0
21326,MIN,MIN,0.3,0.7,64.0,2,3,500.0,1400.0,3200.0,1,2.0,0.0,8,run,-7.0,0,0
21327,MIN,MIN,0.34,0.66,54.0,2,3,464.0,1364.0,3164.0,1,1.0,0.0,10,run,-7.0,0,0
21328,MIN,MIN,0.32,0.68,55.0,2,3,419.0,1319.0,3119.0,1,2.0,0.0,11,pass,-7.0,1,0
21329,MIN,MIN,0.32,0.68,49.0,2,3,378.0,1278.0,3078.0,1,3.0,0.0,5,pass,-7.0,1,0
21330,MIN,MIN,0.38,0.62,35.0,2,3,334.0,1234.0,3034.0,1,1.0,0.0,10,run,-7.0,1,0
21331,MIN,MIN,0.37,0.63,32.0,2,3,296.0,1196.0,2996.0,1,2.0,0.0,7,pass,-7.0,1,0
21332,MIN,MIN,0.46,0.54,1.0,2,3,249.0,1149.0,2949.0,1,1.0,1.0,1,run,-7.0,0,0
21333,MIN,MIN,0.45,0.55,1.0,2,3,211.0,1111.0,2911.0,1,2.0,1.0,1,pass,-7.0,0,0
21334,MIN,MIN,0.43,0.57,1.0,2,3,205.0,1105.0,2905.0,1,3.0,1.0,1,pass,-7.0,1,0
21335,MIN,MIN,0.37,0.63,1.0,2,3,201.0,1101.0,2901.0,1,4.0,1.0,1,pass,-7.0,1,0
21342,MIN,MIN,0.48,0.52,80.0,2,3,62.0,962.0,2762.0,1,1.0,0.0,10,run,0.0,0,0
21343,MIN,MIN,0.51,0.49,65.0,2,3,23.0,923.0,2723.0,1,1.0,0.0,10,pass,0.0,0,0
21345,MIN,MIN,0.5,0.5,64.0,2,3,900.0,900.0,2700.0,2,2.0,0.0,9,pass,0.0,1,0
21346,MIN,MIN,0.56,0.44,45.0,2,3,859.0,859.0,2659.0,2,1.0,0.0,10,pass,0.0,0,0
21347,MIN,MIN,0.6,0.4,17.0,2,3,809.0,809.0,2609.0,2,1.0,0.0,10,run,0.0,0,0
21348,MIN,MIN,0.59,0.41,17.0,2,3,770.0,770.0,2570.0,2,2.0,0.0,10,pass,0.0,1,0
21350,MIN,MIN,0.68,0.32,1.0,2,3,721.0,721.0,2521.0,2,1.0,1.0,1,run,0.0,0,0
21363,MIN,MIN,0.6,0.4,75.0,2,3,447.0,447.0,2247.0,2,1.0,0.0,10,pass,3.0,0,0
21365,MIN,MIN,0.61,0.39,70.0,2,3,397.0,397.0,2197.0,2,1.0,0.0,20,pass,3.0,0,0
21366,MIN,MIN,0.58,0.42,75.0,2,3,356.0,356.0,2156.0,2,2.0,0.0,25,run,3.0,0,0
21367,MIN,MIN,0.55,0.45,74.0,2,3,316.0,316.0,2116.0,2,3.0,0.0,24,pass,3.0,1,0
21373,MIN,MIN,0.61,0.39,67.0,2,3,183.0,183.0,1983.0,2,1.0,0.0,10,run,3.0,1,0
21374,MIN,MIN,0.6,0.4,65.0,2,3,146.0,146.0,1946.0,2,2.0,0.0,8,run,3.0,1,0
21376,MIN,MIN,0.59,0.41,63.0,2,3,120.0,120.0,1920.0,2,3.0,0.0,6,pass,3.0,1,0
21377,MIN,MIN,0.66,0.34,56.0,2,3,95.0,95.0,1895.0,2,1.0,0.0,10,pass,3.0,1,1
21378,MIN,MIN,0.65,0.35,56.0,2,3,92.0,92.0,1892.0,2,2.0,0.0,10,pass,3.0,1,0
21379,MIN,MIN,0.64,0.36,56.0,2,3,86.0,86.0,1886.0,2,3.0,0.0,10,pass,3.0,1,0
21381,MIN,MIN,0.7,0.3,30.0,2,3,77.0,77.0,1877.0,2,1.0,0.0,10,pass,3.0,1,0
21382,MIN,MIN,0.72,0.28,18.0,2,3,71.0,71.0,1871.0,2,1.0,0.0,10,pass,3.0,1,0
21388,MIN,MIN,0.4,0.6,75.0,2,3,30.0,30.0,1830.0,2,1.0,0.0,10,run,-4.0,1,0
21391,MIN,MIN,0.39,0.61,75.0,3,3,900.0,1800.0,1800.0,3,1.0,0.0,10,run,-4.0,0,0
21392,MIN,MIN,0.38,0.62,72.0,3,3,860.0,1760.0,1760.0,3,2.0,0.0,7,pass,-4.0,1,0
21393,MIN,MIN,0.42,0.58,64.0,3,3,822.0,1722.0,1722.0,3,1.0,0.0,10,run,-4.0,0,0
21394,MIN,MIN,0.42,0.58,60.0,3,3,798.0,1698.0,1698.0,3,2.0,0.0,6,pass,-4.0,0,1
21395,MIN,MIN,0.39,0.61,60.0,3,3,795.0,1695.0,1695.0,3,3.0,0.0,6,pass,-4.0,1,0
21396,MIN,MIN,0.36,0.64,55.0,3,3,753.0,1653.0,1653.0,3,4.0,0.0,1,pass,-4.0,1,0
21407,MIN,MIN,0.28,0.72,75.0,3,3,499.0,1399.0,1399.0,3,1.0,0.0,10,pass,-7.0,0,0
21408,MIN,MIN,0.24,0.76,77.0,3,3,484.0,1384.0,1384.0,3,2.0,0.0,12,run,-7.0,1,0
21409,MIN,MIN,0.24,0.76,71.0,3,3,445.0,1345.0,1345.0,3,3.0,0.0,6,pass,-7.0,1,0
21410,MIN,MIN,0.33,0.67,58.0,3,3,406.0,1306.0,1306.0,3,1.0,0.0,10,run,-7.0,0,0
21411,MIN,MIN,0.31,0.69,56.0,3,3,368.0,1268.0,1268.0,3,2.0,0.0,8,pass,-7.0,1,0
21413,MIN,MIN,0.12,0.88,80.0,3,3,353.0,1253.0,1253.0,3,1.0,0.0,10,run,-13.0,0,0
21414,MIN,MIN,0.11,0.89,77.0,3,3,319.0,1219.0,1219.0,3,2.0,0.0,7,pass,-13.0,1,0
21415,MIN,MIN,0.15,0.85,55.0,3,3,294.0,1194.0,1194.0,3,1.0,0.0,10,run,-13.0,0,0
21416,MIN,MIN,0.16,0.84,49.0,3,3,259.0,1159.0,1159.0,3,2.0,0.0,4,run,-13.0,0,0
21417,MIN,MIN,0.14,0.86,49.0,3,3,217.0,1117.0,1117.0,3,3.0,0.0,4,pass,-13.0,1,0
21437,MIN,MIN,0.06,0.94,75.0,3,2,575.0,575.0,575.0,4,1.0,0.0,10,pass,-16.0,1,0
21438,MIN,MIN,0.06,0.94,63.0,3,2,559.0,559.0,559.0,4,1.0,0.0,10,pass,-16.0,1,0
21439,MIN,MIN,0.07,0.93,55.0,3,2,533.0,533.0,533.0,4,2.0,0.0,2,run,-16.0,1,0
21440,MIN,MIN,0.07,0.93,52.0,3,2,500.0,500.0,500.0,4,1.0,0.0,10,pass,-16.0,1,0
21441,MIN,MIN,0.06,0.94,48.0,3,2,476.0,476.0,476.0,4,2.0,0.0,6,pass,-16.0,1,1
21442,MIN,MIN,0.07,0.93,39.0,3,2,442.0,442.0,442.0,4,1.0,0.0,10,pass,-16.0,1,1
21443,MIN,MIN,0.06,0.94,39.0,3,2,438.0,438.0,438.0,4,2.0,0.0,10,pass,-16.0,1,0
21444,MIN,MIN,0.05,0.95,46.0,3,2,406.0,406.0,406.0,4,3.0,0.0,17,pass,-16.0,1,0
21445,MIN,MIN,0.07,0.93,19.0,3,2,375.0,375.0,375.0,4,1.0,0.0,10,pass,-16.0,1,0
21447,MIN,MIN,0.08,0.92,6.0,3,2,342.0,342.0,342.0,4,1.0,1.0,6,pass,-16.0,1,0
21448,MIN,MIN,0.08,0.92,6.0,3,2,338.0,338.0,338.0,4,2.0,1.0,6,pass,-16.0,1,0
21449,MIN,MIN,0.08,0.92,1.0,3,2,302.0,302.0,302.0,4,3.0,1.0,1,run,-16.0,0,0
21450,MIN,MIN,0.05,0.95,1.0,3,2,270.0,270.0,270.0,4,4.0,1.0,1,pass,-16.0,1,0
21466,MIN,MIN,0.02,0.98,91.0,0,1,69.0,69.0,69.0,4,1.0,0.0,10,pass,-9.0,1,0
21467,MIN,MIN,0.01,0.99,84.0,0,1,47.0,47.0,47.0,4,2.0,0.0,3,pass,-9.0,1,0
21468,MIN,MIN,0.02,0.98,59.0,0,1,24.0,24.0,24.0,4,1.0,0.0,10,pass,-9.0,1,1
21470,MIN,MIN,0.0,1.0,46.0,0,1,6.0,6.0,6.0,4,2.0,0.0,10,pass,-9.0,1,0
22714,MIN,MIN,0.53,0.47,65.0,3,3,896.0,1796.0,3596.0,1,1.0,0.0,10,run,0.0,0,0
22715,MIN,MIN,0.53,0.47,60.0,3,3,864.0,1764.0,3564.0,1,2.0,0.0,5,pass,0.0,0,0
22716,MIN,MIN,0.58,0.42,45.0,3,3,821.0,1721.0,3521.0,1,1.0,0.0,10,run,0.0,0,0
22717,MIN,MIN,0.57,0.43,43.0,3,3,784.0,1684.0,3484.0,1,2.0,0.0,8,pass,0.0,1,0
22718,MIN,MIN,0.57,0.43,39.0,3,3,743.0,1643.0,3443.0,1,3.0,0.0,4,pass,0.0,1,0
22719,MIN,MIN,0.53,0.47,37.0,3,3,698.0,1598.0,3398.0,1,4.0,0.0,2,pass,0.0,1,0
22720,MIN,MIN,0.62,0.38,24.0,3,3,666.0,1566.0,3366.0,1,1.0,0.0,10,pass,0.0,0,0
22721,MIN,MIN,0.66,0.34,8.0,3,3,622.0,1522.0,3322.0,1,1.0,1.0,8,run,0.0,1,0
22722,MIN,MIN,0.7,0.3,1.0,3,3,599.0,1499.0,3299.0,1,1.0,1.0,1,run,0.0,0,0
22732,MIN,MIN,0.74,0.26,82.0,3,2,474.0,1374.0,3174.0,1,1.0,0.0,10,run,7.0,0,0
22733,MIN,MIN,0.76,0.24,75.0,3,2,444.0,1344.0,3144.0,1,2.0,0.0,3,run,7.0,0,0
22734,MIN,MIN,0.73,0.27,75.0,3,2,401.0,1301.0,3101.0,1,3.0,0.0,3,pass,7.0,1,0
22754,MIN,MIN,0.65,0.35,75.0,3,2,796.0,796.0,2596.0,2,1.0,0.0,10,pass,4.0,1,0
22755,MIN,MIN,0.68,0.32,64.0,3,2,763.0,763.0,2563.0,2,1.0,0.0,10,run,4.0,1,0
22756,MIN,MIN,0.67,0.33,62.0,3,2,720.0,720.0,2520.0,2,2.0,0.0,8,run,4.0,0,0
22757,MIN,MIN,0.68,0.32,57.0,3,2,679.0,679.0,2479.0,2,3.0,0.0,3,pass,4.0,1,0
22758,MIN,MIN,0.72,0.28,51.0,3,2,642.0,642.0,2442.0,2,1.0,0.0,10,pass,4.0,1,0
22771,MIN,MIN,0.58,0.42,75.0,3,1,285.0,285.0,2085.0,2,1.0,0.0,10,run,1.0,1,0
22772,MIN,MIN,0.73,0.27,5.0,3,1,237.0,237.0,2037.0,2,1.0,1.0,5,run,1.0,0,0
22773,MIN,MIN,0.74,0.26,2.0,3,1,205.0,205.0,2005.0,2,2.0,1.0,2,pass,1.0,1,0
22784,MIN,MIN,0.81,0.19,52.0,3,1,39.0,39.0,1839.0,2,1.0,0.0,10,pass,8.0,1,0
22786,MIN,MIN,0.84,0.16,25.0,3,1,28.0,28.0,1828.0,2,1.0,0.0,10,run,8.0,1,0
22789,MIN,MIN,0.85,0.15,15.0,2,1,17.0,17.0,1817.0,2,1.0,0.0,10,pass,8.0,1,0
22791,MIN,MIN,0.84,0.16,12.0,1,1,11.0,11.0,1811.0,2,2.0,0.0,7,pass,8.0,1,0
22800,MIN,MIN,0.86,0.14,71.0,3,3,778.0,1678.0,1678.0,3,1.0,0.0,10,run,11.0,0,0
22801,MIN,MIN,0.88,0.12,62.0,3,3,739.0,1639.0,1639.0,3,2.0,0.0,1,run,11.0,0,0
22802,MIN,MIN,0.88,0.12,59.0,3,3,699.0,1599.0,1599.0,3,1.0,0.0,10,run,11.0,0,0
22803,MIN,MIN,0.88,0.12,56.0,3,3,657.0,1557.0,1557.0,3,2.0,0.0,7,pass,11.0,0,0
22805,MIN,MIN,0.86,0.14,57.0,3,3,597.0,1497.0,1497.0,3,3.0,0.0,8,pass,11.0,1,0
22806,MIN,MIN,0.89,0.11,47.0,3,3,558.0,1458.0,1458.0,3,1.0,0.0,10,pass,11.0,1,0
22807,MIN,MIN,0.89,0.11,42.0,3,3,523.0,1423.0,1423.0,3,2.0,0.0,5,run,11.0,0,0
22808,MIN,MIN,0.88,0.12,43.0,3,3,479.0,1379.0,1379.0,3,3.0,0.0,6,pass,11.0,1,0
22816,MIN,MIN,0.89,0.11,59.0,3,3,303.0,1203.0,1203.0,3,1.0,0.0,10,pass,11.0,0,0
22817,MIN,MIN,0.89,0.11,53.0,3,3,269.0,1169.0,1169.0,3,2.0,0.0,4,run,11.0,0,0
22818,MIN,MIN,0.88,0.12,52.0,3,3,224.0,1124.0,1124.0,3,3.0,0.0,3,pass,11.0,1,0
22826,MIN,MIN,0.86,0.14,79.0,3,3,900.0,900.0,900.0,4,1.0,0.0,10,run,11.0,1,0
22827,MIN,MIN,0.85,0.15,78.0,3,3,865.0,865.0,865.0,4,2.0,0.0,9,pass,11.0,1,0
22829,MIN,MIN,0.84,0.16,78.0,3,3,799.0,799.0,799.0,4,3.0,0.0,9,pass,11.0,1,0
22830,MIN,MIN,0.9,0.1,54.0,3,3,775.0,775.0,775.0,4,1.0,0.0,10,pass,11.0,0,0
22831,MIN,MIN,0.91,0.09,48.0,3,3,743.0,743.0,743.0,4,2.0,0.0,4,run,11.0,0,0
22833,MIN,MIN,0.92,0.08,34.0,3,3,696.0,696.0,696.0,4,1.0,0.0,10,pass,11.0,1,0
22834,MIN,MIN,0.93,0.07,24.0,3,3,656.0,656.0,656.0,4,1.0,0.0,10,run,11.0,0,0
22835,MIN,MIN,0.93,0.07,20.0,3,3,620.0,620.0,620.0,4,2.0,0.0,6,run,11.0,0,0
22863,MIN,MIN,1.0,0.0,49.0,2,3,69.0,69.0,69.0,4,1.0,0.0,10,run,14.0,0,0
22865,MIN,MIN,1.0,0.0,47.0,2,2,64.0,64.0,64.0,4,2.0,0.0,8,run,14.0,0,0
22867,MIN,MIN,1.0,0.0,47.0,2,1,59.0,59.0,59.0,4,3.0,0.0,8,run,14.0,0,0
28192,MIN,CHI,0.5,0.5,75.0,3,3,900.0,1800.0,3600.0,1,1.0,0.0,10,pass,0.0,1,0
28193,MIN,CHI,0.47,0.53,67.0,3,3,866.0,1766.0,3566.0,1,2.0,0.0,2,run,0.0,0,0
28194,MIN,CHI,0.48,0.52,66.0,3,3,821.0,1721.0,3521.0,1,3.0,0.0,1,run,0.0,0,0
28210,MIN,CHI,0.51,0.49,60.0,2,3,358.0,1258.0,3058.0,1,1.0,0.0,10,run,-3.0,1,0
28211,MIN,CHI,0.52,0.48,58.0,2,3,320.0,1220.0,3020.0,1,2.0,0.0,8,pass,-3.0,1,0
28213,MIN,CHI,0.47,0.53,38.0,2,3,276.0,1176.0,2976.0,1,1.0,0.0,10,pass,-3.0,0,0
28214,MIN,CHI,0.49,0.51,38.0,2,3,269.0,1169.0,2969.0,1,2.0,0.0,10,run,-3.0,1,0
28215,MIN,CHI,0.49,0.51,31.0,2,3,222.0,1122.0,2922.0,1,3.0,0.0,3,run,-3.0,1,0
28216,MIN,CHI,0.46,0.54,25.0,2,3,177.0,1077.0,2877.0,1,1.0,0.0,10,run,-3.0,0,0
28217,MIN,CHI,0.47,0.53,19.0,2,3,135.0,1035.0,2835.0,1,2.0,0.0,4,run,-3.0,0,0
28218,MIN,CHI,0.49,0.51,20.0,2,3,91.0,991.0,2791.0,1,3.0,0.0,5,pass,-3.0,1,0
28219,MIN,CHI,0.46,0.54,14.0,2,3,62.0,962.0,2762.0,1,1.0,0.0,10,run,-3.0,0,0
28225,MIN,CHI,0.56,0.44,68.0,2,3,852.0,852.0,2652.0,2,1.0,0.0,10,pass,-3.0,1,0
28226,MIN,CHI,0.58,0.42,68.0,2,3,847.0,847.0,2647.0,2,2.0,0.0,10,run,-3.0,0,0
28227,MIN,CHI,0.6,0.4,67.0,2,3,804.0,804.0,2604.0,2,3.0,0.0,9,pass,-3.0,1,0
28244,MIN,CHI,0.81,0.19,73.0,2,3,352.0,352.0,2152.0,2,1.0,0.0,10,pass,-11.0,1,0
28245,MIN,CHI,0.82,0.18,73.0,2,3,347.0,347.0,2147.0,2,2.0,0.0,10,pass,-11.0,1,0
28246,MIN,CHI,0.84,0.16,78.0,2,3,304.0,304.0,2104.0,2,3.0,0.0,15,pass,-11.0,1,0
28263,MIN,CHI,0.88,0.12,75.0,1,1,50.0,50.0,1850.0,2,1.0,0.0,10,pass,-14.0,1,0
28264,MIN,CHI,0.87,0.13,68.0,1,1,44.0,44.0,1844.0,2,2.0,0.0,3,pass,-14.0,1,0
28265,MIN,CHI,0.87,0.13,57.0,1,1,39.0,39.0,1839.0,2,1.0,0.0,10,pass,-14.0,1,0
28267,MIN,CHI,0.84,0.16,32.0,1,0,25.0,25.0,1825.0,2,1.0,0.0,10,pass,-14.0,1,0
28279,MIN,CHI,0.88,0.12,76.0,3,3,682.0,1582.0,1582.0,3,1.0,0.0,10,run,-14.0,1,0
28280,MIN,CHI,0.9,0.1,77.0,3,3,644.0,1544.0,1544.0,3,2.0,0.0,11,pass,-14.0,1,0
28281,MIN,CHI,0.87,0.13,65.0,3,3,611.0,1511.0,1511.0,3,1.0,0.0,10,pass,-14.0,0,0
28282,MIN,CHI,0.86,0.14,54.0,3,3,575.0,1475.0,1475.0,3,1.0,0.0,10,run,-14.0,0,0
28283,MIN,CHI,0.87,0.13,55.0,3,3,531.0,1431.0,1431.0,3,2.0,0.0,11,pass,-14.0,1,0
28284,MIN,CHI,0.87,0.13,48.0,3,3,486.0,1386.0,1386.0,3,3.0,0.0,4,pass,-14.0,1,0
28294,MIN,CHI,0.84,0.16,31.0,3,3,202.0,1102.0,1102.0,3,1.0,0.0,10,pass,-14.0,1,0
28295,MIN,CHI,0.85,0.15,31.0,3,3,193.0,1093.0,1093.0,3,2.0,0.0,10,pass,-14.0,1,0
28296,MIN,CHI,0.85,0.15,22.0,3,3,151.0,1051.0,1051.0,3,3.0,0.0,1,pass,-14.0,0,0
28297,MIN,CHI,0.88,0.12,22.0,3,3,144.0,1044.0,1044.0,3,4.0,0.0,1,pass,-14.0,1,0
28298,MIN,CHI,0.84,0.16,17.0,3,3,112.0,1012.0,1012.0,3,1.0,0.0,10,pass,-14.0,1,0
28299,MIN,CHI,0.86,0.14,25.0,3,3,69.0,969.0,969.0,3,2.0,0.0,18,pass,-14.0,1,0
28300,MIN,CHI,0.87,0.13,18.0,3,3,21.0,921.0,921.0,3,3.0,0.0,11,pass,-14.0,1,0
28307,MIN,CHI,0.77,0.23,29.0,3,3,859.0,859.0,859.0,4,1.0,0.0,10,pass,-11.0,1,0
28308,MIN,CHI,0.76,0.24,18.0,3,3,824.0,824.0,824.0,4,1.0,0.0,10,run,-11.0,0,0
28309,MIN,CHI,0.78,0.22,20.0,3,3,787.0,787.0,787.0,4,2.0,0.0,12,pass,-11.0,1,0
28310,MIN,CHI,0.78,0.22,10.0,3,3,753.0,753.0,753.0,4,3.0,0.0,2,pass,-11.0,1,0
28321,MIN,CHI,0.83,0.17,89.0,3,3,518.0,518.0,518.0,4,1.0,0.0,10,pass,-8.0,1,0
28323,MIN,CHI,0.93,0.07,74.0,3,3,504.0,504.0,504.0,4,1.0,0.0,10,pass,-14.0,1,0
28324,MIN,CHI,0.92,0.08,65.0,3,3,477.0,477.0,477.0,4,2.0,0.0,1,run,-14.0,1,1
28325,MIN,CHI,0.92,0.08,64.0,3,3,447.0,447.0,447.0,4,1.0,0.0,10,pass,-14.0,1,1
28326,MIN,CHI,0.92,0.08,58.0,3,3,420.0,420.0,420.0,4,2.0,0.0,4,pass,-14.0,1,1
28327,MIN,CHI,0.91,0.09,45.0,3,3,391.0,391.0,391.0,4,1.0,0.0,10,pass,-14.0,1,1
28328,MIN,CHI,0.92,0.08,41.0,3,3,365.0,365.0,365.0,4,2.0,0.0,6,pass,-14.0,1,1
28329,MIN,CHI,0.91,0.09,30.0,3,3,343.0,343.0,343.0,4,1.0,0.0,10,pass,-14.0,1,1
28330,MIN,CHI,0.92,0.08,30.0,3,3,337.0,337.0,337.0,4,2.0,0.0,10,pass,-14.0,1,0
28332,MIN,CHI,0.9,0.1,20.0,3,3,326.0,326.0,326.0,4,1.0,0.0,10,pass,-14.0,1,0
28333,MIN,CHI,0.91,0.09,20.0,3,3,320.0,320.0,320.0,4,2.0,0.0,10,pass,-14.0,1,0
28334,MIN,CHI,0.92,0.08,13.0,3,3,295.0,295.0,295.0,4,3.0,0.0,3,pass,-14.0,1,1
28336,MIN,CHI,0.84,0.16,1.0,3,3,291.0,291.0,291.0,4,4.0,1.0,0,pass,-8.0,0,0
28351,MIN,CHI,0.92,0.08,75.0,1,1,168.0,168.0,168.0,4,1.0,0.0,10,pass,-9.0,1,0
28352,MIN,CHI,0.93,0.07,75.0,1,1,161.0,161.0,161.0,4,2.0,0.0,10,pass,-9.0,1,0
28353,MIN,CHI,0.91,0.09,62.0,1,1,155.0,155.0,155.0,4,1.0,0.0,10,pass,-9.0,1,0
28354,MIN,CHI,0.88,0.12,44.0,1,1,147.0,147.0,147.0,4,1.0,0.0,10,pass,-9.0,1,0
28355,MIN,CHI,0.92,0.08,46.0,1,1,126.0,126.0,126.0,4,2.0,0.0,12,pass,-9.0,1,1
28357,MIN,CHI,0.91,0.09,37.0,1,1,119.0,119.0,119.0,4,3.0,0.0,3,pass,-9.0,1,0
28358,MIN,CHI,0.89,0.11,26.0,1,1,113.0,113.0,113.0,4,1.0,0.0,10,pass,-9.0,1,0
28359,MIN,CHI,0.91,0.09,26.0,1,1,108.0,108.0,108.0,4,2.0,0.0,10,pass,-9.0,1,0
28360,MIN,CHI,0.89,0.11,10.0,1,1,84.0,84.0,84.0,4,1.0,1.0,10,pass,-9.0,1,1
28361,MIN,CHI,0.91,0.09,10.0,1,1,80.0,80.0,80.0,4,2.0,1.0,10,run,-9.0,1,0
28362,MIN,CHI,0.96,0.04,5.0,1,1,52.0,52.0,52.0,4,3.0,1.0,5,pass,-9.0,1,1
28363,MIN,CHI,0.79,0.21,2.0,1,1,48.0,48.0,48.0,4,4.0,0.0,0,pass,-3.0,0,0
30823,MIN,MIN,0.5,0.5,75.0,3,3,900.0,1800.0,3600.0,1,1.0,0.0,10,pass,0.0,1,0
30824,MIN,MIN,0.5,0.5,70.0,3,3,867.0,1767.0,3567.0,1,2.0,0.0,5,pass,0.0,0,0
30825,MIN,MIN,0.52,0.48,66.0,3,3,823.0,1723.0,3523.0,1,3.0,0.0,1,run,0.0,0,0
30833,MIN,MIN,0.49,0.51,76.0,2,3,674.0,1574.0,3374.0,1,1.0,0.0,10,pass,0.0,1,0
30834,MIN,MIN,0.43,0.57,86.0,2,3,627.0,1527.0,3327.0,1,2.0,0.0,20,pass,0.0,1,0
30835,MIN,MIN,0.43,0.57,80.0,2,3,581.0,1481.0,3281.0,1,3.0,0.0,14,pass,0.0,1,0
30847,MIN,MIN,0.29,0.71,75.0,2,3,354.0,1254.0,3054.0,1,1.0,0.0,10,run,-7.0,0,0
30848,MIN,MIN,0.33,0.67,66.0,2,3,316.0,1216.0,3016.0,1,2.0,0.0,1,run,-7.0,0,0
30849,MIN,MIN,0.32,0.68,63.0,2,3,298.0,1198.0,2998.0,1,1.0,0.0,10,pass,-7.0,1,0
30850,MIN,MIN,0.36,0.64,54.0,2,3,260.0,1160.0,2960.0,1,2.0,0.0,1,run,-7.0,0,0
30851,MIN,MIN,0.35,0.65,50.0,2,3,223.0,1123.0,2923.0,1,1.0,0.0,10,pass,-7.0,1,0
30852,MIN,MIN,0.39,0.61,26.0,2,3,180.0,1080.0,2880.0,1,1.0,0.0,10,pass,-7.0,0,0
30865,MIN,MIN,0.27,0.73,75.0,2,3,856.0,856.0,2656.0,2,1.0,0.0,10,pass,-7.0,1,0
30866,MIN,MIN,0.31,0.69,58.0,2,3,819.0,819.0,2619.0,2,1.0,0.0,10,run,-7.0,1,0
30867,MIN,MIN,0.31,0.69,55.0,2,3,784.0,784.0,2584.0,2,2.0,0.0,7,pass,-7.0,0,0
30868,MIN,MIN,0.28,0.72,55.0,2,3,780.0,780.0,2580.0,2,3.0,0.0,7,pass,-7.0,1,0
30869,MIN,MIN,0.34,0.66,45.0,2,3,748.0,748.0,2548.0,2,1.0,0.0,10,pass,-7.0,1,0
30870,MIN,MIN,0.32,0.68,45.0,2,3,745.0,745.0,2545.0,2,2.0,0.0,10,run,-7.0,0,0
30871,MIN,MIN,0.32,0.68,40.0,2,3,706.0,706.0,2506.0,2,3.0,0.0,5,pass,-7.0,1,0
30872,MIN,MIN,0.37,0.63,30.0,2,3,667.0,667.0,2467.0,2,1.0,0.0,10,pass,-7.0,0,0
30879,MIN,MIN,0.48,0.52,83.0,2,3,537.0,537.0,2337.0,2,1.0,0.0,10,run,0.0,1,0
30880,MIN,MIN,0.47,0.53,82.0,2,3,502.0,502.0,2302.0,2,2.0,0.0,9,pass,0.0,0,0
30881,MIN,MIN,0.57,0.43,49.0,2,3,453.0,453.0,2253.0,2,1.0,0.0,10,pass,0.0,1,0
30882,MIN,MIN,0.59,0.41,38.0,2,3,408.0,408.0,2208.0,2,1.0,0.0,10,pass,0.0,0,0
30883,MIN,MIN,0.59,0.41,32.0,2,3,376.0,376.0,2176.0,2,2.0,0.0,4,pass,0.0,1,0
30885,MIN,MIN,0.57,0.43,29.0,1,3,328.0,328.0,2128.0,2,3.0,0.0,1,run,0.0,0,0
30894,MIN,MIN,0.46,0.54,90.0,1,3,175.0,175.0,1975.0,2,1.0,0.0,10,run,0.0,0,0
30896,MIN,MIN,0.47,0.53,87.0,1,2,171.0,171.0,1971.0,2,2.0,0.0,7,pass,0.0,1,0
30897,MIN,MIN,0.49,0.51,79.0,1,2,136.0,136.0,1936.0,2,1.0,0.0,10,run,0.0,1,0
30899,MIN,MIN,0.47,0.53,80.0,1,2,120.0,120.0,1920.0,2,2.0,0.0,11,pass,0.0,1,0
30902,MIN,MIN,0.51,0.49,79.0,1,1,113.0,113.0,1913.0,2,3.0,0.0,10,pass,0.0,1,0
30904,MIN,MIN,0.53,0.47,74.0,1,1,99.0,99.0,1899.0,2,1.0,0.0,20,pass,0.0,1,0
30905,MIN,MIN,0.52,0.48,72.0,1,1,70.0,70.0,1870.0,2,2.0,0.0,18,pass,0.0,1,1
30906,MIN,MIN,0.53,0.47,61.0,1,1,27.0,27.0,1827.0,2,3.0,0.0,7,pass,0.0,1,1
30908,MIN,MIN,0.55,0.45,53.0,0,1,22.0,22.0,1822.0,2,1.0,0.0,10,pass,0.0,1,0
30921,MIN,MIN,0.51,0.49,75.0,3,3,692.0,1592.0,1592.0,3,1.0,0.0,10,run,0.0,0,0
30922,MIN,MIN,0.5,0.5,72.0,3,3,653.0,1553.0,1553.0,3,2.0,0.0,7,pass,0.0,1,0
30923,MIN,MIN,0.47,0.53,72.0,3,3,648.0,1548.0,1548.0,3,3.0,0.0,7,run,0.0,1,0
30930,MIN,MIN,0.59,0.41,44.0,3,2,441.0,1341.0,1341.0,3,1.0,0.0,10,pass,0.0,1,0
30931,MIN,MIN,0.62,0.38,31.0,3,2,398.0,1298.0,1298.0,3,1.0,0.0,10,pass,0.0,1,0
30932,MIN,MIN,0.62,0.38,26.0,3,2,367.0,1267.0,1267.0,3,2.0,0.0,5,pass,0.0,1,0
30933,MIN,MIN,0.64,0.36,13.0,3,2,329.0,1229.0,1229.0,3,1.0,0.0,10,run,0.0,0,0
30934,MIN,MIN,0.62,0.38,14.0,3,2,300.0,1200.0,1200.0,3,2.0,0.0,11,run,0.0,1,0
30935,MIN,MIN,0.6,0.4,10.0,3,2,254.0,1154.0,1154.0,3,3.0,0.0,7,pass,0.0,1,0
30943,MIN,MIN,0.73,0.27,31.0,3,2,106.0,1006.0,1006.0,3,1.0,0.0,10,pass,3.0,1,0
30944,MIN,MIN,0.72,0.28,31.0,3,2,101.0,1001.0,1001.0,3,2.0,0.0,10,run,3.0,0,0
30945,MIN,MIN,0.75,0.25,19.0,3,2,62.0,962.0,962.0,3,1.0,0.0,10,run,3.0,1,0
30946,MIN,MIN,0.75,0.25,14.0,3,2,36.0,936.0,936.0,3,2.0,0.0,5,pass,3.0,0,0
30956,MIN,MIN,0.82,0.18,93.0,3,2,768.0,768.0,768.0,4,1.0,0.0,10,run,10.0,0,0
30957,MIN,MIN,0.82,0.18,88.0,3,2,730.0,730.0,730.0,4,2.0,0.0,5,run,10.0,0,0
30958,MIN,MIN,0.85,0.15,80.0,3,2,684.0,684.0,684.0,4,1.0,0.0,10,run,10.0,0,0
30959,MIN,MIN,0.86,0.14,76.0,3,2,642.0,642.0,642.0,4,2.0,0.0,6,pass,10.0,0,0
30960,MIN,MIN,0.84,0.16,76.0,3,2,638.0,638.0,638.0,4,3.0,0.0,6,pass,10.0,1,0
30961,MIN,MIN,0.9,0.1,56.0,3,2,602.0,602.0,602.0,4,1.0,0.0,10,run,10.0,1,0
30962,MIN,MIN,0.91,0.09,50.0,3,2,560.0,560.0,560.0,4,2.0,0.0,4,run,10.0,0,0
30963,MIN,MIN,0.91,0.09,47.0,3,2,519.0,519.0,519.0,4,3.0,0.0,1,pass,10.0,0,0
30964,MIN,MIN,0.93,0.07,34.0,3,2,481.0,481.0,481.0,4,1.0,0.0,10,run,10.0,0,0
30965,MIN,MIN,0.93,0.07,32.0,3,2,446.0,446.0,446.0,4,2.0,0.0,8,run,10.0,0,0
30966,MIN,MIN,0.93,0.07,29.0,3,2,406.0,406.0,406.0,4,3.0,0.0,5,pass,10.0,1,0
30968,MIN,MIN,0.95,0.05,15.0,3,2,351.0,351.0,351.0,4,1.0,0.0,10,run,10.0,0,0
30970,MIN,MIN,0.94,0.06,18.0,3,1,347.0,347.0,347.0,4,2.0,0.0,13,pass,10.0,1,0
30971,MIN,MIN,0.94,0.06,18.0,3,1,342.0,342.0,342.0,4,3.0,0.0,13,run,10.0,1,0
30972,MIN,MIN,0.94,0.06,7.0,3,1,294.0,294.0,294.0,4,4.0,0.0,2,pass,10.0,1,0
30983,MIN,MIN,0.95,0.05,41.0,3,1,139.0,139.0,139.0,4,1.0,0.0,10,run,7.0,0,0
30985,MIN,MIN,0.95,0.05,40.0,3,0,135.0,135.0,135.0,4,2.0,0.0,9,run,7.0,0,0
30987,MIN,MIN,0.95,0.05,37.0,3,0,120.0,120.0,120.0,4,3.0,0.0,6,pass,7.0,1,0
33498,MIN,NE,0.5,0.5,75.0,3,3,900.0,1800.0,3600.0,1,1.0,0.0,10,pass,0.0,1,0
33499,MIN,NE,0.52,0.48,75.0,3,3,897.0,1797.0,3597.0,1,2.0,0.0,10,run,0.0,0,0
33500,MIN,NE,0.54,0.46,73.0,3,3,855.0,1755.0,3555.0,1,3.0,0.0,8,pass,0.0,1,0
33513,MIN,NE,0.7,0.3,75.0,3,3,573.0,1473.0,3273.0,1,1.0,0.0,10,pass,-7.0,1,0
33514,MIN,NE,0.7,0.3,70.0,3,3,534.0,1434.0,3234.0,1,2.0,0.0,5,run,-7.0,1,0
33515,MIN,NE,0.67,0.33,65.0,3,3,502.0,1402.0,3202.0,1,1.0,0.0,10,pass,-7.0,0,0
33516,MIN,NE,0.64,0.36,55.0,3,3,461.0,1361.0,3161.0,1,1.0,0.0,10,run,-7.0,0,0
33517,MIN,NE,0.59,0.41,23.0,3,3,422.0,1322.0,3122.0,1,1.0,0.0,10,run,-7.0,1,0
33518,MIN,NE,0.6,0.4,22.0,3,3,380.0,1280.0,3080.0,1,2.0,0.0,9,pass,-7.0,1,0
33519,MIN,NE,0.64,0.36,30.0,3,3,335.0,1235.0,3035.0,1,3.0,0.0,17,pass,-7.0,1,0
33528,MIN,NE,0.75,0.25,90.0,3,3,154.0,1054.0,2854.0,1,1.0,0.0,10,run,-7.0,1,0
33529,MIN,NE,0.76,0.24,86.0,3,3,117.0,1017.0,2817.0,1,2.0,0.0,6,pass,-7.0,1,0
33530,MIN,NE,0.74,0.26,81.0,3,3,70.0,970.0,2770.0,1,3.0,0.0,1,pass,-7.0,1,0
33531,MIN,NE,0.72,0.28,76.0,3,3,33.0,933.0,2733.0,1,1.0,0.0,10,pass,-7.0,0,0
33533,MIN,NE,0.75,0.25,78.0,3,3,900.0,900.0,2700.0,2,2.0,0.0,12,pass,-7.0,1,0
33534,MIN,NE,0.75,0.25,72.0,3,3,861.0,861.0,2661.0,2,3.0,0.0,6,pass,-7.0,1,0
33552,MIN,NE,0.78,0.22,66.0,3,3,339.0,339.0,2139.0,2,1.0,0.0,10,run,-10.0,1,0
33553,MIN,NE,0.75,0.25,48.0,3,3,298.0,298.0,2098.0,2,1.0,0.0,10,pass,-10.0,1,0
33555,MIN,NE,0.79,0.21,55.0,3,3,237.0,237.0,2037.0,2,2.0,0.0,17,pass,-10.0,1,0
33556,MIN,NE,0.8,0.2,55.0,3,3,232.0,232.0,2032.0,2,3.0,0.0,17,pass,-10.0,1,0
33563,MIN,NE,0.79,0.21,74.0,3,3,112.0,112.0,1912.0,2,1.0,0.0,10,pass,-10.0,1,0
33564,MIN,NE,0.77,0.23,50.0,3,3,87.0,87.0,1887.0,2,1.0,0.0,10,pass,-10.0,1,1
33565,MIN,NE,0.74,0.26,27.0,3,3,63.0,63.0,1863.0,2,1.0,0.0,10,run,-10.0,1,1
33566,MIN,NE,0.74,0.26,22.0,3,3,37.0,37.0,1837.0,2,2.0,0.0,5,pass,-10.0,1,1
33568,MIN,NE,0.72,0.28,15.0,3,2,32.0,32.0,1832.0,2,1.0,0.0,10,pass,-10.0,1,0
33569,MIN,NE,0.73,0.27,15.0,3,2,25.0,25.0,1825.0,2,2.0,0.0,10,pass,-10.0,1,0
33571,MIN,NE,0.68,0.32,5.0,3,1,19.0,19.0,1819.0,2,1.0,1.0,5,pass,-10.0,1,0
33583,MIN,NE,0.6,0.4,83.0,3,3,861.0,1761.0,1761.0,3,1.0,0.0,10,pass,-3.0,0,0
33584,MIN,NE,0.62,0.38,80.0,3,3,817.0,1717.0,1717.0,3,2.0,0.0,7,run,-3.0,1,0
33585,MIN,NE,0.64,0.36,78.0,3,3,774.0,1674.0,1674.0,3,3.0,0.0,5,pass,-3.0,1,0
33601,MIN,NE,0.55,0.45,62.0,3,3,381.0,1281.0,1281.0,3,1.0,0.0,10,run,-3.0,0,0
33602,MIN,NE,0.58,0.42,70.0,3,3,368.0,1268.0,1268.0,3,1.0,0.0,18,pass,-3.0,1,0
33603,MIN,NE,0.57,0.43,62.0,3,3,338.0,1238.0,1238.0,3,2.0,0.0,10,pass,-3.0,1,0
33604,MIN,NE,0.55,0.45,54.0,3,3,316.0,1216.0,1216.0,3,3.0,0.0,2,pass,-3.0,1,0
33605,MIN,NE,0.52,0.48,50.0,3,3,285.0,1185.0,1185.0,3,1.0,0.0,10,pass,-3.0,1,0
33606,MIN,NE,0.54,0.46,50.0,3,3,281.0,1181.0,1181.0,3,2.0,0.0,10,pass,-3.0,1,0
33607,MIN,NE,0.5,0.5,45.0,2,3,237.0,1137.0,1137.0,3,3.0,0.0,5,pass,-3.0,1,0
33608,MIN,NE,0.5,0.5,40.0,2,3,231.0,1131.0,1131.0,3,1.0,0.0,10,run,-3.0,1,0
33609,MIN,NE,0.48,0.52,22.0,2,3,198.0,1098.0,1098.0,3,1.0,0.0,10,pass,-3.0,1,0
33610,MIN,NE,0.49,0.51,22.0,2,3,192.0,1092.0,1092.0,3,2.0,0.0,10,pass,-3.0,1,0
33611,MIN,NE,0.52,0.48,21.0,2,3,148.0,1048.0,1048.0,3,3.0,0.0,9,pass,-3.0,1,0
33620,MIN,NE,0.74,0.26,75.0,2,3,35.0,935.0,935.0,3,1.0,0.0,10,pass,-7.0,0,0
33621,MIN,NE,0.77,0.23,75.0,2,3,29.0,929.0,929.0,3,2.0,0.0,10,run,-7.0,1,0
33623,MIN,NE,0.77,0.23,70.0,2,3,900.0,900.0,900.0,4,3.0,0.0,5,pass,-7.0,1,0
33634,MIN,NE,0.91,0.09,71.0,2,3,649.0,649.0,649.0,4,1.0,0.0,10,pass,-14.0,1,0
33635,MIN,NE,0.92,0.08,67.0,2,3,620.0,620.0,620.0,4,2.0,0.0,6,pass,-14.0,1,1
33636,MIN,NE,0.91,0.09,62.0,2,3,578.0,578.0,578.0,4,3.0,0.0,1,run,-14.0,0,0
33637,MIN,NE,0.91,0.09,62.0,1,3,542.0,542.0,542.0,4,4.0,0.0,1,run,-14.0,0,0
33638,MIN,NE,0.91,0.09,61.0,1,3,514.0,514.0,514.0,4,1.0,0.0,10,pass,-14.0,1,0
33639,MIN,NE,0.92,0.08,57.0,1,3,488.0,488.0,488.0,4,2.0,0.0,6,pass,-14.0,1,1
33640,MIN,NE,0.91,0.09,47.0,1,3,464.0,464.0,464.0,4,1.0,0.0,10,pass,-14.0,1,1
33642,MIN,NE,0.93,0.07,57.0,1,3,455.0,455.0,455.0,4,2.0,0.0,20,pass,-14.0,1,0
33643,MIN,NE,0.94,0.06,53.0,1,3,418.0,418.0,418.0,4,3.0,0.0,16,pass,-14.0,1,1
33644,MIN,NE,0.95,0.05,48.0,1,3,375.0,375.0,375.0,4,4.0,0.0,11,pass,-14.0,1,0
33647,MIN,NE,0.94,0.06,55.0,1,3,325.0,325.0,325.0,4,1.0,0.0,10,pass,-14.0,1,0
33648,MIN,NE,0.94,0.06,51.0,1,3,295.0,295.0,295.0,4,2.0,0.0,6,pass,-14.0,1,1
33649,MIN,NE,0.93,0.07,42.0,1,3,290.0,290.0,290.0,4,1.0,0.0,10,pass,-14.0,1,0
33667,MIN,NE,0.99,0.01,80.0,1,0,48.0,48.0,48.0,4,1.0,0.0,10,pass,-14.0,1,0
33668,MIN,NE,0.97,0.03,71.0,1,0,30.0,30.0,30.0,4,2.0,0.0,1,pass,-14.0,1,1
36700,MIN,SEA,0.51,0.49,77.0,3,3,894.0,1794.0,3594.0,1,1.0,0.0,10,run,0.0,0,0
36701,MIN,SEA,0.52,0.48,76.0,3,3,856.0,1756.0,3556.0,1,2.0,0.0,9,pass,0.0,0,0
36702,MIN,SEA,0.46,0.54,61.0,3,3,811.0,1711.0,3511.0,1,1.0,0.0,10,run,0.0,0,0
36703,MIN,SEA,0.45,0.55,55.0,3,3,773.0,1673.0,3473.0,1,2.0,0.0,4,run,0.0,0,0
36705,MIN,SEA,0.5,0.5,60.0,3,3,699.0,1599.0,3399.0,1,3.0,0.0,9,pass,0.0,1,0
36711,MIN,SEA,0.51,0.49,84.0,3,3,559.0,1459.0,3259.0,1,1.0,0.0,10,pass,0.0,1,0
36712,MIN,SEA,0.53,0.47,84.0,3,3,555.0,1455.0,3255.0,1,2.0,0.0,10,run,0.0,1,0
36714,MIN,SEA,0.47,0.53,70.0,3,3,487.0,1387.0,3187.0,1,1.0,0.0,10,run,0.0,0,0
36715,MIN,SEA,0.43,0.57,57.0,3,3,460.0,1360.0,3160.0,1,1.0,0.0,10,pass,0.0,1,0
36716,MIN,SEA,0.47,0.53,61.0,3,3,418.0,1318.0,3118.0,1,2.0,0.0,14,run,0.0,0,0
36717,MIN,SEA,0.49,0.51,59.0,3,3,368.0,1268.0,3068.0,1,3.0,0.0,12,pass,0.0,1,0
36734,MIN,SEA,0.6,0.4,78.0,3,3,845.0,845.0,2645.0,2,1.0,0.0,10,pass,-3.0,0,0
36735,MIN,SEA,0.57,0.43,67.0,3,3,811.0,811.0,2611.0,2,1.0,0.0,10,run,-3.0,0,0
36736,MIN,SEA,0.58,0.42,65.0,3,3,768.0,768.0,2568.0,2,2.0,0.0,8,run,-3.0,0,0
36737,MIN,SEA,0.58,0.42,60.0,3,3,735.0,735.0,2535.0,2,3.0,0.0,3,pass,-3.0,1,0
36748,MIN,SEA,0.6,0.4,90.0,2,3,482.0,482.0,2282.0,2,1.0,0.0,10,run,-3.0,0,0
36749,MIN,SEA,0.56,0.44,77.0,2,3,447.0,447.0,2247.0,2,1.0,0.0,10,run,-3.0,0,0
36750,MIN,SEA,0.57,0.43,74.0,2,3,410.0,410.0,2210.0,2,2.0,0.0,7,pass,-3.0,1,0
36751,MIN,SEA,0.56,0.44,69.0,2,3,368.0,368.0,2168.0,2,3.0,0.0,2,pass,-3.0,1,0
36780,MIN,SEA,0.61,0.39,83.0,3,3,666.0,1566.0,1566.0,3,1.0,0.0,10,pass,-3.0,1,0
36781,MIN,SEA,0.59,0.41,76.0,3,3,628.0,1528.0,1528.0,3,2.0,0.0,3,pass,-3.0,0,0
36782,MIN,SEA,0.59,0.41,74.0,3,3,599.0,1499.0,1499.0,3,3.0,0.0,1,run,-3.0,0,0
36783,MIN,SEA,0.57,0.43,70.0,3,3,572.0,1472.0,1472.0,3,1.0,0.0,10,pass,-3.0,0,0
36784,MIN,SEA,0.58,0.42,68.0,3,3,525.0,1425.0,1425.0,3,2.0,0.0,8,run,-3.0,1,0
36785,MIN,SEA,0.55,0.45,61.0,3,3,478.0,1378.0,1378.0,3,3.0,0.0,1,pass,-3.0,0,0
36791,MIN,SEA,0.58,0.42,72.0,3,3,372.0,1272.0,1272.0,3,1.0,0.0,10,pass,-3.0,1,0
36792,MIN,SEA,0.56,0.44,65.0,3,3,333.0,1233.0,1233.0,3,2.0,0.0,3,run,-3.0,0,0
36793,MIN,SEA,0.54,0.46,59.0,3,3,301.0,1201.0,1201.0,3,1.0,0.0,10,pass,-3.0,0,0
36795,MIN,SEA,0.52,0.48,49.0,3,3,256.0,1156.0,1156.0,3,1.0,0.0,10,run,-3.0,0,0
36796,MIN,SEA,0.53,0.47,46.0,3,3,212.0,1112.0,1112.0,3,2.0,0.0,7,pass,-3.0,1,0
36797,MIN,SEA,0.53,0.47,42.0,3,3,169.0,1069.0,1069.0,3,3.0,0.0,3,pass,-3.0,1,0
36798,MIN,SEA,0.58,0.42,40.0,3,3,125.0,1025.0,1025.0,3,4.0,0.0,1,run,-3.0,0,0
36810,MIN,SEA,0.71,0.29,75.0,3,3,802.0,802.0,802.0,4,1.0,0.0,10,pass,-6.0,0,0
36811,MIN,SEA,0.68,0.32,65.0,3,3,763.0,763.0,763.0,4,1.0,0.0,10,pass,-6.0,0,0
36812,MIN,SEA,0.58,0.42,17.0,3,3,714.0,714.0,714.0,4,1.0,0.0,10,pass,-6.0,0,0
36813,MIN,SEA,0.58,0.42,10.0,3,3,686.0,686.0,686.0,4,2.0,0.0,3,pass,-6.0,0,0
36814,MIN,SEA,0.53,0.47,4.0,3,3,641.0,641.0,641.0,4,1.0,1.0,4,run,-6.0,0,0
36815,MIN,SEA,0.53,0.47,2.0,3,3,600.0,600.0,600.0,4,2.0,1.0,2,pass,-6.0,1,0
36816,MIN,SEA,0.55,0.45,2.0,3,3,594.0,594.0,594.0,4,3.0,1.0,2,run,-6.0,1,0
36817,MIN,SEA,0.62,0.38,1.0,3,3,550.0,550.0,550.0,4,4.0,1.0,1,pass,-6.0,1,0
36822,MIN,SEA,0.63,0.37,41.0,3,3,488.0,488.0,488.0,4,1.0,0.0,10,run,-6.0,0,0
36823,MIN,SEA,0.64,0.36,43.0,3,3,464.0,464.0,464.0,4,1.0,0.0,12,pass,-6.0,1,0
36824,MIN,SEA,0.66,0.34,43.0,3,3,460.0,460.0,460.0,4,2.0,0.0,12,pass,-6.0,1,0
36825,MIN,SEA,0.63,0.37,32.0,3,3,414.0,414.0,414.0,4,3.0,0.0,1,run,-6.0,0,0
36826,MIN,SEA,0.62,0.38,30.0,3,3,394.0,394.0,394.0,4,1.0,0.0,10,run,-6.0,0,0
36827,MIN,SEA,0.64,0.36,29.0,3,3,356.0,356.0,356.0,4,2.0,0.0,9,pass,-6.0,1,0
36828,MIN,SEA,0.67,0.33,29.0,3,3,350.0,350.0,350.0,4,3.0,0.0,9,pass,-6.0,1,0
36843,MIN,SEA,0.98,0.02,75.0,2,0,173.0,173.0,173.0,4,1.0,0.0,10,pass,-14.0,1,0
36844,MIN,SEA,0.98,0.02,75.0,2,0,169.0,169.0,169.0,4,2.0,0.0,10,pass,-14.0,1,0
36846,MIN,SEA,1.0,0.0,70.0,2,0,149.0,149.0,149.0,4,1.0,0.0,10,pass,-20.0,1,0
36847,MIN,SEA,0.99,0.01,35.0,2,0,121.0,121.0,121.0,4,1.0,0.0,10,pass,-20.0,1,1
36849,MIN,SEA,1.0,0.0,35.0,2,0,116.0,116.0,116.0,4,2.0,0.0,10,pass,-20.0,1,0
36850,MIN,SEA,1.0,0.0,23.0,2,0,111.0,111.0,111.0,4,1.0,0.0,10,pass,-20.0,1,0
36851,MIN,SEA,1.0,0.0,23.0,2,0,105.0,105.0,105.0,4,2.0,0.0,10,pass,-20.0,1,0
36852,MIN,SEA,1.0,0.0,6.0,2,0,77.0,77.0,77.0,4,1.0,1.0,6,pass,-20.0,1,1
38447,MIN,MIN,0.5,0.5,76.0,3,3,896.0,1796.0,3596.0,1,1.0,0.0,10,run,0.0,0,0
38448,MIN,MIN,0.51,0.49,70.0,3,3,863.0,1763.0,3563.0,1,2.0,0.0,4,pass,0.0,0,0
38449,MIN,MIN,0.58,0.42,43.0,3,3,821.0,1721.0,3521.0,1,1.0,0.0,10,run,0.0,0,0
38451,MIN,MIN,0.57,0.43,42.0,3,3,767.0,1667.0,3467.0,1,2.0,0.0,9,run,0.0,0,0
38452,MIN,MIN,0.63,0.37,16.0,3,3,725.0,1625.0,3425.0,1,1.0,0.0,10,run,0.0,0,0
38453,MIN,MIN,0.62,0.38,13.0,3,3,704.0,1604.0,3404.0,1,2.0,0.0,7,pass,0.0,0,1
38461,MIN,MIN,0.79,0.21,60.0,3,3,560.0,1460.0,3260.0,1,1.0,0.0,10,run,7.0,1,0
38463,MIN,MIN,0.81,0.19,51.0,3,3,522.0,1422.0,3222.0,1,2.0,0.0,1,run,7.0,0,0
38464,MIN,MIN,0.81,0.19,48.0,3,3,485.0,1385.0,3185.0,1,1.0,0.0,10,run,7.0,0,1
38465,MIN,MIN,0.82,0.18,37.0,3,3,448.0,1348.0,3148.0,1,1.0,0.0,10,pass,7.0,0,0
38466,MIN,MIN,0.82,0.18,33.0,3,3,407.0,1307.0,3107.0,1,2.0,0.0,6,pass,7.0,1,0
38467,MIN,MIN,0.84,0.16,13.0,3,3,387.0,1287.0,3087.0,1,1.0,0.0,10,run,7.0,0,0
38474,MIN,MIN,0.9,0.1,70.0,3,3,310.0,1210.0,3010.0,1,1.0,0.0,10,pass,14.0,0,0
38475,MIN,MIN,0.92,0.08,53.0,3,3,292.0,1192.0,2992.0,1,1.0,0.0,10,run,14.0,0,1
38476,MIN,MIN,0.91,0.09,53.0,3,3,258.0,1158.0,2958.0,1,2.0,0.0,10,run,14.0,0,0
38477,MIN,MIN,0.91,0.09,48.0,3,3,214.0,1114.0,2914.0,1,3.0,0.0,5,pass,14.0,1,0
38478,MIN,MIN,0.93,0.07,41.0,3,3,181.0,1081.0,2881.0,1,1.0,0.0,10,pass,14.0,0,0
38479,MIN,MIN,0.93,0.07,27.0,3,3,142.0,1042.0,2842.0,1,1.0,0.0,10,run,14.0,0,0
38481,MIN,MIN,0.94,0.06,18.0,3,3,98.0,998.0,2798.0,1,1.0,0.0,10,run,14.0,0,0
38492,MIN,MIN,0.97,0.03,80.0,3,3,765.0,765.0,2565.0,2,1.0,0.0,10,pass,21.0,0,0
38493,MIN,MIN,0.97,0.03,75.0,3,3,741.0,741.0,2541.0,2,2.0,0.0,5,pass,21.0,0,0
38494,MIN,MIN,0.96,0.04,75.0,3,3,738.0,738.0,2538.0,2,3.0,0.0,5,run,21.0,1,0
38495,MIN,MIN,0.98,0.02,67.0,3,3,712.0,712.0,2512.0,2,1.0,0.0,10,run,21.0,0,0
38496,MIN,MIN,0.98,0.02,61.0,3,3,674.0,674.0,2474.0,2,2.0,0.0,4,run,21.0,1,0
38497,MIN,MIN,0.98,0.02,58.0,3,3,633.0,633.0,2433.0,2,3.0,0.0,1,run,21.0,0,0
38498,MIN,MIN,0.99,0.01,54.0,3,3,588.0,588.0,2388.0,2,1.0,0.0,10,pass,21.0,1,0
38500,MIN,MIN,0.99,0.01,52.0,3,3,539.0,539.0,2339.0,2,1.0,0.0,20,pass,21.0,1,0
38501,MIN,MIN,0.98,0.02,52.0,3,3,535.0,535.0,2335.0,2,2.0,0.0,20,run,21.0,1,0
38503,MIN,MIN,0.98,0.02,47.0,3,3,473.0,473.0,2273.0,2,3.0,0.0,15,pass,21.0,1,0
38505,MIN,MIN,0.91,0.09,75.0,3,3,464.0,464.0,2264.0,2,1.0,0.0,10,run,15.0,0,0
38506,MIN,MIN,0.9,0.1,75.0,3,3,432.0,432.0,2232.0,2,2.0,0.0,10,pass,15.0,1,0
38507,MIN,MIN,0.9,0.1,70.0,3,3,393.0,393.0,2193.0,2,3.0,0.0,5,pass,15.0,1,0
38527,MIN,MIN,0.87,0.13,75.0,3,1,14.0,14.0,1814.0,2,1.0,0.0,10,run,12.0,0,0
38533,MIN,MIN,0.69,0.31,75.0,3,3,889.0,1789.0,1789.0,3,1.0,0.0,10,run,5.0,0,0
38534,MIN,MIN,0.66,0.34,75.0,3,3,855.0,1755.0,1755.0,3,2.0,0.0,10,pass,5.0,1,0
38535,MIN,MIN,0.62,0.38,75.0,3,3,852.0,1752.0,1752.0,3,3.0,0.0,10,pass,5.0,1,0
38543,MIN,MIN,0.8,0.2,22.0,3,3,599.0,1499.0,1499.0,3,1.0,0.0,10,run,5.0,0,0
38544,MIN,MIN,0.79,0.21,21.0,3,3,571.0,1471.0,1471.0,3,2.0,0.0,9,run,5.0,0,0
38545,MIN,MIN,0.78,0.22,18.0,3,3,528.0,1428.0,1428.0,3,3.0,0.0,6,pass,5.0,1,0
38552,MIN,MIN,0.81,0.19,68.0,3,3,454.0,1354.0,1354.0,3,1.0,0.0,10,run,8.0,0,0
38554,MIN,MIN,0.84,0.16,59.0,3,3,413.0,1313.0,1313.0,3,2.0,0.0,1,run,8.0,0,0
38555,MIN,MIN,0.83,0.17,56.0,3,3,373.0,1273.0,1273.0,3,1.0,0.0,10,pass,8.0,0,0
38556,MIN,MIN,0.79,0.21,65.0,3,3,328.0,1228.0,1228.0,3,2.0,0.0,19,run,8.0,1,0
38558,MIN,MIN,0.76,0.24,65.0,3,3,270.0,1170.0,1170.0,3,3.0,0.0,19,pass,8.0,1,0
38564,MIN,MIN,0.8,0.2,73.0,3,3,156.0,1056.0,1056.0,3,1.0,0.0,10,run,8.0,0,0
38565,MIN,MIN,0.78,0.22,73.0,3,3,124.0,1024.0,1024.0,3,2.0,0.0,10,run,8.0,0,0
38566,MIN,MIN,0.82,0.18,64.0,3,3,93.0,993.0,993.0,3,3.0,0.0,1,pass,8.0,0,0
38567,MIN,MIN,0.87,0.13,31.0,3,3,47.0,947.0,947.0,3,1.0,0.0,10,run,8.0,0,0
38568,MIN,MIN,0.87,0.13,26.0,3,3,12.0,912.0,912.0,3,2.0,0.0,5,pass,8.0,0,0
38570,MIN,MIN,0.88,0.12,14.0,3,3,900.0,900.0,900.0,4,1.0,0.0,10,run,8.0,0,0
38571,MIN,MIN,0.88,0.12,10.0,3,3,862.0,862.0,862.0,4,2.0,0.0,6,run,8.0,0,0
38572,MIN,MIN,0.87,0.13,8.0,3,3,822.0,822.0,822.0,4,3.0,0.0,4,pass,8.0,1,0
38579,MIN,MIN,0.91,0.09,55.0,3,3,718.0,718.0,718.0,4,1.0,0.0,10,run,11.0,0,0
38580,MIN,MIN,0.92,0.08,41.0,3,3,678.0,678.0,678.0,4,1.0,0.0,10,run,11.0,0,0
38581,MIN,MIN,0.92,0.08,41.0,3,3,634.0,634.0,634.0,4,2.0,0.0,10,run,11.0,0,0
38582,MIN,MIN,0.91,0.09,40.0,3,3,599.0,599.0,599.0,4,3.0,0.0,9,pass,11.0,1,0
38591,MIN,MIN,0.99,0.01,21.0,2,3,478.0,478.0,478.0,4,1.0,0.0,15,run,18.0,0,0
38604,MIN,MIN,1.0,0.0,43.0,2,2,246.0,246.0,246.0,4,1.0,0.0,10,run,25.0,0,0
38605,MIN,MIN,1.0,0.0,40.0,2,2,203.0,203.0,203.0,4,2.0,0.0,7,run,25.0,0,0
38606,MIN,MIN,1.0,0.0,35.0,2,2,159.0,159.0,159.0,4,3.0,0.0,2,run,25.0,0,0
38608,MIN,MIN,1.0,0.0,33.0,2,2,120.0,120.0,120.0,4,1.0,0.0,10,run,25.0,0,0
40311,MIN,DET,0.56,0.44,99.0,3,3,696.0,1596.0,3396.0,1,1.0,0.0,11,run,0.0,0,0
40312,MIN,DET,0.57,0.43,98.0,3,3,665.0,1565.0,3365.0,1,2.0,0.0,10,run,0.0,0,0
40313,MIN,DET,0.59,0.41,97.0,3,3,626.0,1526.0,3326.0,1,3.0,0.0,9,pass,0.0,1,0
40321,MIN,DET,0.57,0.43,75.0,3,3,450.0,1350.0,3150.0,1,1.0,0.0,10,run,-3.0,0,0
40322,MIN,DET,0.57,0.43,71.0,3,3,414.0,1314.0,3114.0,1,2.0,0.0,6,pass,-3.0,1,0
40323,MIN,DET,0.6,0.4,71.0,3,3,410.0,1310.0,3110.0,1,3.0,0.0,6,run,-3.0,1,0
40335,MIN,DET,0.62,0.38,87.0,3,3,103.0,1003.0,2803.0,1,1.0,0.0,10,pass,-3.0,0,0
40336,MIN,DET,0.64,0.36,85.0,3,3,63.0,963.0,2763.0,1,2.0,0.0,8,run,-3.0,0,0
40337,MIN,DET,0.67,0.33,85.0,3,3,22.0,922.0,2722.0,1,3.0,0.0,8,pass,-3.0,1,0
40352,MIN,DET,0.69,0.31,78.0,3,3,632.0,632.0,2432.0,2,1.0,0.0,10,run,-6.0,1,0
40353,MIN,DET,0.71,0.29,79.0,3,3,590.0,590.0,2390.0,2,2.0,0.0,11,pass,-6.0,0,1
40354,MIN,DET,0.76,0.24,86.0,3,3,551.0,551.0,2351.0,2,3.0,0.0,18,run,-6.0,1,0
40366,MIN,DET,0.76,0.24,69.0,3,3,239.0,239.0,2039.0,2,1.0,0.0,10,pass,-9.0,0,0
40367,MIN,DET,0.75,0.25,59.0,3,3,216.0,216.0,2016.0,2,1.0,0.0,10,run,-9.0,0,0
40368,MIN,DET,0.76,0.24,57.0,3,3,184.0,184.0,1984.0,2,2.0,0.0,8,pass,-9.0,0,0
40370,MIN,DET,0.75,0.25,52.0,3,3,128.0,128.0,1928.0,2,1.0,0.0,20,run,-9.0,0,0
40372,MIN,DET,0.76,0.24,49.0,3,3,120.0,120.0,1920.0,2,2.0,0.0,17,pass,-9.0,1,0
40373,MIN,DET,0.76,0.24,49.0,3,3,114.0,114.0,1914.0,2,3.0,0.0,17,pass,-9.0,1,0
40375,MIN,DET,0.66,0.34,9.0,2,3,101.0,101.0,1901.0,2,1.0,1.0,9,run,-9.0,0,0
40377,MIN,DET,0.68,0.32,8.0,1,3,95.0,95.0,1895.0,2,2.0,1.0,8,pass,-9.0,1,0
40387,MIN,DET,0.54,0.46,70.0,1,2,36.0,36.0,1836.0,2,1.0,0.0,10,pass,-2.0,1,0
40389,MIN,DET,0.54,0.46,68.0,1,1,31.0,31.0,1831.0,2,2.0,0.0,8,pass,-2.0,1,0
40391,MIN,DET,0.53,0.47,62.0,1,1,18.0,18.0,1818.0,2,1.0,0.0,20,pass,-2.0,1,0
40392,MIN,DET,0.53,0.47,61.0,1,1,12.0,12.0,1812.0,2,2.0,0.0,19,pass,-2.0,1,0
40394,MIN,DET,0.51,0.49,44.0,1,0,2.0,2.0,1802.0,2,3.0,0.0,2,pass,-2.0,1,0
40397,MIN,DET,0.31,0.69,75.0,3,3,900.0,1800.0,1800.0,3,1.0,0.0,10,pass,5.0,0,0
40398,MIN,DET,0.34,0.66,75.0,3,3,895.0,1795.0,1795.0,3,2.0,0.0,10,pass,5.0,0,0
40399,MIN,DET,0.27,0.73,62.0,3,3,854.0,1754.0,1754.0,3,1.0,0.0,10,run,5.0,0,0
40400,MIN,DET,0.23,0.77,47.0,3,3,818.0,1718.0,1718.0,3,1.0,0.0,10,run,5.0,0,0
40401,MIN,DET,0.22,0.78,40.0,3,3,775.0,1675.0,1675.0,3,2.0,0.0,3,pass,5.0,0,0
40402,MIN,DET,0.22,0.78,36.0,3,3,735.0,1635.0,1635.0,3,1.0,0.0,10,run,5.0,0,0
40403,MIN,DET,0.22,0.78,31.0,3,3,699.0,1599.0,1599.0,3,2.0,0.0,5,run,5.0,0,0
40404,MIN,DET,0.19,0.81,13.0,3,3,656.0,1556.0,1556.0,3,1.0,0.0,10,run,5.0,0,0
40405,MIN,DET,0.2,0.8,13.0,3,3,617.0,1517.0,1517.0,3,2.0,0.0,10,pass,5.0,0,0
40406,MIN,DET,0.22,0.78,12.0,3,3,577.0,1477.0,1477.0,3,3.0,0.0,9,pass,5.0,1,0
40413,MIN,DET,0.21,0.79,75.0,3,3,441.0,1341.0,1341.0,3,1.0,0.0,10,run,8.0,0,0
40414,MIN,DET,0.21,0.79,71.0,3,3,406.0,1306.0,1306.0,3,2.0,0.0,6,pass,8.0,0,0
40415,MIN,DET,0.24,0.76,71.0,3,3,399.0,1299.0,1299.0,3,3.0,0.0,6,pass,8.0,1,0
40422,MIN,DET,0.16,0.84,53.0,3,3,243.0,1143.0,1143.0,3,1.0,0.0,10,pass,8.0,0,0
40424,MIN,DET,0.15,0.85,47.0,3,3,188.0,1088.0,1088.0,3,1.0,0.0,15,run,8.0,0,0
40425,MIN,DET,0.16,0.84,45.0,3,3,148.0,1048.0,1048.0,3,2.0,0.0,13,pass,8.0,1,0
40426,MIN,DET,0.14,0.86,33.0,3,3,106.0,1006.0,1006.0,3,3.0,0.0,1,run,8.0,0,0
40427,MIN,DET,0.13,0.87,29.0,3,3,66.0,966.0,966.0,3,1.0,0.0,10,run,8.0,0,0
40430,MIN,DET,0.15,0.85,38.0,3,3,900.0,900.0,900.0,4,2.0,0.0,19,pass,8.0,1,0
40431,MIN,DET,0.13,0.87,21.0,3,3,866.0,866.0,866.0,4,3.0,0.0,2,pass,8.0,1,0
40432,MIN,DET,0.12,0.88,17.0,3,3,844.0,844.0,844.0,4,1.0,0.0,10,run,8.0,0,0
40433,MIN,DET,0.1,0.9,4.0,3,3,811.0,811.0,811.0,4,1.0,1.0,4,pass,8.0,0,0
40445,MIN,DET,0.06,0.94,87.0,3,3,545.0,545.0,545.0,4,1.0,0.0,10,run,15.0,0,0
40446,MIN,DET,0.05,0.95,76.0,3,3,497.0,497.0,497.0,4,1.0,0.0,10,pass,15.0,0,0
40447,MIN,DET,0.06,0.94,76.0,3,3,494.0,494.0,494.0,4,2.0,0.0,10,run,15.0,0,0
40448,MIN,DET,0.06,0.94,75.0,3,3,450.0,450.0,450.0,4,3.0,0.0,9,pass,15.0,1,0
40454,MIN,DET,0.02,0.98,10.0,3,3,390.0,390.0,390.0,4,1.0,1.0,10,run,15.0,0,0
40455,MIN,DET,0.02,0.98,11.0,3,3,346.0,346.0,346.0,4,2.0,1.0,11,pass,15.0,0,0
40456,MIN,DET,0.02,0.98,10.0,3,3,301.0,301.0,301.0,4,3.0,1.0,10,run,15.0,0,0
40465,MIN,DET,0.0,1.0,24.0,3,3,184.0,184.0,184.0,4,1.0,0.0,10,run,18.0,0,0
40467,MIN,DET,0.0,1.0,23.0,2,3,179.0,179.0,179.0,4,2.0,0.0,9,run,18.0,0,0
40469,MIN,DET,0.0,1.0,15.0,1,3,173.0,173.0,173.0,4,3.0,0.0,1,run,18.0,0,0
40471,MIN,DET,0.0,1.0,15.0,1,2,128.0,128.0,128.0,4,4.0,0.0,1,run,18.0,0,0
44116,MIN,MIN,0.5,0.5,75.0,3,3,900.0,1800.0,3600.0,1,1.0,0.0,10,pass,0.0,0,0
44117,MIN,MIN,0.49,0.51,72.0,3,3,878.0,1778.0,3578.0,1,2.0,0.0,7,pass,0.0,0,1
44118,MIN,MIN,0.46,0.54,72.0,3,3,873.0,1773.0,3573.0,1,3.0,0.0,7,pass,0.0,1,0
44129,MIN,MIN,0.31,0.69,75.0,3,2,638.0,1538.0,3338.0,1,1.0,0.0,10,run,-7.0,0,0
44130,MIN,MIN,0.3,0.7,71.0,3,2,601.0,1501.0,3301.0,1,2.0,0.0,6,run,-7.0,0,0
44131,MIN,MIN,0.3,0.7,68.0,3,2,559.0,1459.0,3259.0,1,3.0,0.0,3,pass,-7.0,1,0
44137,MIN,MIN,0.31,0.69,75.0,3,2,409.0,1309.0,3109.0,1,1.0,0.0,10,run,-7.0,0,0
44138,MIN,MIN,0.29,0.71,75.0,3,2,371.0,1271.0,3071.0,1,2.0,0.0,10,pass,-7.0,1,0
44139,MIN,MIN,0.29,0.71,70.0,3,2,332.0,1232.0,3032.0,1,3.0,0.0,5,pass,-7.0,1,0
44151,MIN,MIN,0.26,0.74,88.0,3,2,894.0,894.0,2694.0,2,1.0,0.0,10,run,-7.0,0,0
44152,MIN,MIN,0.23,0.77,89.0,3,2,852.0,852.0,2652.0,2,2.0,0.0,11,pass,-7.0,0,0
44153,MIN,MIN,0.2,0.8,90.0,3,2,814.0,814.0,2614.0,2,3.0,0.0,12,pass,-7.0,1,0
44170,MIN,MIN,0.16,0.84,75.0,3,1,437.0,437.0,2237.0,2,1.0,0.0,10,pass,-13.0,1,0
44171,MIN,MIN,0.18,0.82,66.0,3,1,403.0,403.0,2203.0,2,2.0,0.0,1,run,-13.0,0,0
44172,MIN,MIN,0.17,0.83,66.0,3,1,372.0,372.0,2172.0,2,3.0,0.0,1,run,-13.0,0,0
44173,MIN,MIN,0.17,0.83,63.0,3,1,334.0,334.0,2134.0,2,1.0,0.0,10,pass,-13.0,1,0
44174,MIN,MIN,0.16,0.84,63.0,3,1,328.0,328.0,2128.0,2,2.0,0.0,10,run,-13.0,0,0
44176,MIN,MIN,0.14,0.86,69.0,3,1,259.0,259.0,2059.0,2,3.0,0.0,16,pass,-13.0,1,0
44182,MIN,MIN,0.15,0.85,64.0,3,1,117.0,117.0,1917.0,2,1.0,0.0,10,pass,-13.0,1,0
44183,MIN,MIN,0.15,0.85,59.0,3,1,93.0,93.0,1893.0,2,2.0,0.0,5,pass,-13.0,1,0
44184,MIN,MIN,0.16,0.84,51.0,3,1,89.0,89.0,1889.0,2,1.0,0.0,10,run,-13.0,1,0
44185,MIN,MIN,0.16,0.84,46.0,3,1,84.0,84.0,1884.0,2,2.0,0.0,5,pass,-13.0,1,0
44187,MIN,MIN,0.17,0.83,31.0,3,1,73.0,73.0,1873.0,2,1.0,0.0,10,pass,-13.0,1,0
44189,MIN,MIN,0.17,0.83,27.0,2,1,66.0,66.0,1866.0,2,2.0,0.0,6,pass,-13.0,1,0
44190,MIN,MIN,0.17,0.83,27.0,2,1,63.0,63.0,1863.0,2,3.0,0.0,6,pass,-13.0,1,0
44207,MIN,MIN,0.15,0.85,92.0,3,3,566.0,1466.0,1466.0,3,1.0,0.0,10,run,-10.0,0,0
44208,MIN,MIN,0.16,0.84,86.0,3,3,529.0,1429.0,1429.0,3,2.0,0.0,4,run,-10.0,0,0
44210,MIN,MIN,0.2,0.8,69.0,3,3,485.0,1385.0,1385.0,3,1.0,0.0,10,pass,-10.0,0,0
44211,MIN,MIN,0.24,0.76,51.0,3,3,440.0,1340.0,1340.0,3,1.0,0.0,10,pass,-10.0,0,0
44212,MIN,MIN,0.2,0.8,59.0,3,3,398.0,1298.0,1298.0,3,2.0,0.0,18,run,-10.0,1,0
44214,MIN,MIN,0.26,0.74,38.0,3,3,350.0,1250.0,1250.0,3,1.0,0.0,10,pass,-10.0,0,0
44215,MIN,MIN,0.26,0.74,33.0,3,3,311.0,1211.0,1211.0,3,2.0,0.0,5,run,-10.0,0,0
44216,MIN,MIN,0.29,0.71,13.0,3,3,270.0,1170.0,1170.0,3,1.0,0.0,10,run,-10.0,0,0
44217,MIN,MIN,0.27,0.73,15.0,3,3,231.0,1131.0,1131.0,3,2.0,0.0,12,pass,-10.0,1,0
44218,MIN,MIN,0.24,0.76,9.0,2,3,190.0,1090.0,1090.0,3,3.0,0.0,6,pass,-10.0,1,0
44219,MIN,MIN,0.24,0.76,4.0,2,3,158.0,1058.0,1058.0,3,4.0,0.0,1,run,-10.0,0,0
44220,MIN,MIN,0.35,0.65,2.0,2,3,116.0,1016.0,1016.0,3,1.0,1.0,2,pass,-10.0,0,0
44246,MIN,MIN,0.12,0.88,75.0,2,1,466.0,466.0,466.0,4,1.0,0.0,10,pass,-11.0,1,0
44247,MIN,MIN,0.1,0.9,75.0,2,1,461.0,461.0,461.0,4,2.0,0.0,10,run,-11.0,1,0
44248,MIN,MIN,0.11,0.89,68.0,2,1,423.0,423.0,423.0,4,3.0,0.0,3,pass,-11.0,1,0
44249,MIN,MIN,0.08,0.92,68.0,2,1,419.0,419.0,419.0,4,4.0,0.0,3,pass,-11.0,1,0
44255,MIN,MIN,0.04,0.96,75.0,2,1,265.0,265.0,265.0,4,1.0,0.0,10,pass,-14.0,1,0
44256,MIN,MIN,0.04,0.96,63.0,2,1,237.0,237.0,237.0,4,1.0,0.0,10,pass,-14.0,1,0
44257,MIN,MIN,0.04,0.96,63.0,2,1,230.0,230.0,230.0,4,2.0,0.0,10,pass,-14.0,1,0
44258,MIN,MIN,0.03,0.97,63.0,2,1,223.0,223.0,223.0,4,3.0,0.0,10,pass,-14.0,1,0
44259,MIN,MIN,0.02,0.98,63.0,2,1,219.0,219.0,219.0,4,4.0,0.0,10,pass,-14.0,1,0
44267,MIN,MIN,0.02,0.98,68.0,0,0,153.0,153.0,153.0,4,1.0,0.0,10,pass,-14.0,1,0
44270,MIN,MIN,0.02,0.98,52.0,0,0,118.0,118.0,118.0,4,1.0,0.0,5,pass,-14.0,1,0
44272,MIN,MIN,0.01,0.99,29.0,0,0,89.0,89.0,89.0,4,1.0,0.0,5,pass,-14.0,1,0
44273,MIN,MIN,0.01,0.99,39.0,0,0,62.0,62.0,62.0,4,2.0,0.0,15,pass,-14.0,1,1
44274,MIN,MIN,0.01,0.99,35.0,0,0,42.0,42.0,42.0,4,3.0,0.0,11,pass,-14.0,1,1
44275,MIN,MIN,0.05,0.95,28.0,0,0,24.0,24.0,24.0,4,4.0,0.0,4,pass,-14.0,1,1
